date,phase,cycle_anchor,suggested_position_pct,suggested_position_mid,confidence,composite_position_pct,sh_close,sh_one_year_position_pct,sh_drawdown_from_high_pct,sh_return_20d,sh_return_60d,hs300_one_year_position_pct,cyb_one_year_position_pct,zz1000_one_year_position_pct,zz1000_drawdown_from_high_pct,turnover_vs_20d,turnover_vs_60d,turnover_vs_250d,advancers_ratio,limit_up_count,limit_down_count,limit_up_open_failure_rate,risk_components,strategic_exposure_pct,strategic_exposure_band
2024-06-12,震荡中继,一年中部区间,40%-55%,47.5,低,42.6,3037.47,56.9,-7.705,-3.443,-0.604,43.3,31.8,38.5,-22.072,0.879,0.771,0.814,,,,,趋势破位,58.9,中性仓
2024-06-13,震荡中继,一年中部区间,40%-55%,47.5,低,41.3,3028.92,55.5,-7.965,-2.916,-0.49,41.2,31.5,37.0,-22.613,0.964,0.845,0.886,,,,,趋势破位,60.2,进攻仓
2024-06-14,震荡中继,一年中部区间,40%-55%,47.5,低,42.4,3032.63,56.1,-7.852,-2.875,-0.184,43.0,33.4,37.0,-22.607,1.087,0.958,1.0,,,,,趋势破位,59.2,中性仓
2024-06-17,震荡中继,一年中部区间,40%-55%,47.5,低,42.1,3015.89,53.3,-8.361,-4.38,-1.269,42.4,35.5,37.1,-22.557,0.963,0.852,0.886,,,,,趋势破位,60.0,中性仓
2024-06-18,震荡中继,一年中部区间,40%-55%,47.5,低,43.6,3030.25,55.7,-7.924,-4.443,-1.772,43.5,36.2,38.9,-21.91,0.953,0.838,0.87,,,,,趋势破位,58.3,中性仓
2024-06-19,震荡中继,一年中部区间,40%-55%,47.5,低,41.0,3018.05,53.6,-8.295,-4.431,-1.46,41.5,33.0,36.1,-22.915,0.926,0.808,0.832,,,,,趋势破位,60.8,进攻仓
2024-06-20,震荡中继,一年中部区间,40%-55%,47.5,低,37.8,3005.44,51.5,-8.678,-4.847,-2.411,38.5,29.4,31.8,-24.467,0.958,0.836,0.857,,,,,趋势破位,63.8,进攻仓
2024-06-21,震荡中继,一年中部区间,40%-55%,47.5,低,37.0,2998.14,50.3,-8.9,-3.794,-2.566,37.6,28.5,31.7,-24.479,0.825,0.719,0.733,,,,,趋势破位,64.7,进攻仓
2024-06-24,震荡中继,一年中部区间,40%-55%,47.5,低,32.4,2963.1,44.3,-9.965,-4.072,-2.786,35.3,25.1,24.8,-26.982,0.941,0.814,0.824,,,,,趋势破位,69.5,进攻仓
2024-06-25,震荡中继,一年中部区间,40%-55%,47.5,低,29.8,2950.0,42.1,-10.363,-5.571,-2.522,33.1,20.8,23.1,-27.582,0.881,0.765,0.769,,,,,趋势破位,72.1,进攻仓
2024-06-26,震荡中继,一年中部区间,40%-55%,47.5,低,33.9,2972.53,45.9,-9.678,-4.407,-1.945,35.7,25.0,28.9,-25.509,0.882,0.765,0.764,,,,,趋势破位,68.0,进攻仓
2024-06-27,震荡中继,一年中部区间,40%-55%,47.5,低,29.8,2945.85,41.4,-10.489,-5.309,-1.58,32.6,21.2,23.8,-27.336,0.864,0.749,0.745,,,,,趋势破位,72.2,进攻仓
2024-06-28,震荡中继,一年中部区间,40%-55%,47.5,低,30.5,2967.4,45.0,-9.834,-4.02,-1.437,33.5,18.5,25.1,-26.859,0.976,0.846,0.838,,,,,趋势破位,70.9,进攻仓
2024-07-01,震荡中继,一年中部区间,40%-55%,47.5,低,32.6,2994.73,49.7,-9.004,-2.983,-1.527,35.5,18.4,27.0,-26.198,0.914,0.795,0.786,,,,,趋势破位,68.3,进攻仓
2024-07-02,震荡中继,一年中部区间,40%-55%,47.5,低,31.6,2997.01,50.1,-8.934,-2.647,-2.612,34.7,15.9,25.5,-26.715,0.899,0.782,0.771,,,,,趋势破位,69.0,进攻仓
2024-07-03,震荡中继,一年中部区间,40%-55%,47.5,低,30.3,2982.38,47.6,-9.379,-3.52,-3.011,33.7,15.4,24.5,-26.683,0.82,0.709,0.696,,,,,趋势破位,70.6,进攻仓
2024-07-04,震荡中继,一年中部区间,40%-55%,47.5,低,27.2,2957.57,43.4,-10.133,-3.518,-3.64,31.7,13.6,20.0,-28.268,0.834,0.718,0.701,,,,,趋势破位,73.9,进攻仓
2024-07-05,震荡中继,一年中部区间,40%-55%,47.5,低,27.2,2949.93,42.1,-10.365,-3.243,-3.187,29.9,14.8,22.1,-27.531,0.828,0.713,0.692,,,,,趋势破位,74.1,进攻仓
2024-07-08,震荡中继,一年中部区间,40%-55%,47.5,低,23.0,2922.45,37.4,-11.2,-4.222,-4.136,26.4,11.0,17.1,-29.291,0.855,0.727,0.702,,,,,趋势破位,78.4,高仓/满仓候选
2024-07-09,震荡中继,一年中部区间,40%-55%,47.5,低,27.6,2959.37,43.7,-10.078,-2.268,-2.245,30.9,14.3,21.5,-27.738,1.075,0.909,0.875,,,,,趋势破位,73.5,进攻仓
2024-07-10,震荡中继,一年中部区间,40%-55%,47.5,低,26.2,2939.36,40.3,-10.686,-3.23,-3.127,29.6,14.1,20.7,-28.03,1.004,0.852,0.819,,,,,趋势破位,75.3,高仓/满仓候选
2024-07-11,震荡中继,一年中部区间,40%-55%,47.5,低,31.1,2970.39,45.5,-9.743,-1.932,-1.625,34.3,18.9,25.6,-26.284,1.168,0.993,0.952,,,,,趋势破位,70.3,进攻仓
2024-07-12,震荡中继,一年中部区间,40%-55%,47.5,低,31.0,2971.3,45.7,-9.715,-2.022,-2.815,34.8,18.7,24.9,-26.519,1.017,0.867,0.832,,,,,趋势破位,70.4,进攻仓
2024-07-15,震荡中继,一年中部区间,40%-55%,47.5,低,30.5,2974.01,46.2,-9.633,-1.389,-1.099,35.3,17.2,23.3,-26.681,0.902,0.765,0.73,,,,,趋势破位,70.7,进攻仓
2024-07-16,震荡中继,一年中部区间,40%-55%,47.5,低,32.2,2976.3,46.6,-9.564,-1.78,-3.096,37.9,20.5,23.8,-26.487,0.97,0.82,0.778,,,,,趋势破位,69.3,进攻仓
2024-07-17,震荡中继,一年中部区间,40%-55%,47.5,低,31.3,2962.85,44.3,-9.972,-1.829,-3.623,38.3,20.5,22.0,-27.111,1.03,0.869,0.821,,,,,趋势破位,70.4,进攻仓
2024-07-18,震荡中继,一年中部区间,40%-55%,47.5,低,33.4,2977.13,46.7,-9.538,-0.942,-2.875,40.6,23.5,22.7,-26.856,1.028,0.871,0.818,,,,,趋势破位,68.3,进攻仓
2024-07-19,震荡中继,一年中部区间,40%-55%,47.5,低,34.5,2982.31,47.6,-9.381,-0.528,-2.046,42.7,24.6,23.1,-26.719,1.028,0.871,0.816,,,,,趋势破位,67.2,进攻仓
2024-07-22,震荡中继,一年中部区间,40%-55%,47.5,低,33.1,2964.22,44.5,-9.931,0.038,-1.911,39.9,24.3,23.7,-26.288,1.004,0.857,0.8,,,,,趋势破位,68.9,进攻仓
2024-07-23,震荡中继,一年中部区间,40%-55%,47.5,低,25.5,2915.37,36.2,-11.415,-1.174,-4.251,30.9,17.0,17.8,-28.303,1.016,0.866,0.807,,,,,趋势破位,76.7,高仓/满仓候选
2024-07-24,低位修复观察,一年低位区间,40%-60%,50.0,低,22.8,2901.95,33.9,-11.823,-2.374,-4.944,28.4,14.1,15.0,-29.238,0.961,0.823,0.765,,,,,趋势破位,79.3,高仓/满仓候选
2024-07-25,低位修复观察,一年低位区间,40%-60%,50.0,低,21.4,2886.74,31.3,-12.285,-2.007,-6.537,26.1,13.2,15.1,-29.115,0.903,0.775,0.719,,,,,趋势破位,80.9,高仓/满仓候选
2024-07-26,低位修复观察,一年低位区间,40%-60%,50.0,低,23.2,2890.9,32.0,-12.158,-2.578,-7.136,27.3,15.3,18.2,-28.051,0.933,0.806,0.742,,,,,趋势破位,79.3,高仓/满仓候选
2024-07-29,低位修复观察,一年低位区间,40%-60%,50.0,低,21.7,2891.85,32.2,-12.13,-3.435,-6.859,25.1,12.0,17.5,-28.303,0.908,0.79,0.718,,,,,趋势破位,80.5,高仓/满仓候选
2024-07-30,低位修复观察,一年低位区间,40%-60%,50.0,低,20.6,2879.3,30.1,-12.511,-3.928,-8.324,22.6,11.3,18.3,-28.045,0.935,0.817,0.735,,,,,趋势破位,81.8,高仓/满仓候选
2024-07-31,震荡中继,一年中部区间,40%-55%,47.5,低,29.3,2938.75,40.2,-10.705,-1.463,-6.639,31.2,19.3,26.6,-25.19,1.413,1.245,1.108,,,,,趋势破位,72.8,进攻仓
2024-08-01,震荡中继,一年中部区间,40%-55%,47.5,低,27.5,2932.39,39.1,-10.898,-0.851,-6.268,28.5,16.2,26.1,-25.355,1.194,1.08,0.959,,,,,趋势破位,74.5,进攻仓
2024-08-02,低位修复观察,一年低位区间,40%-60%,50.0,低,23.5,2905.34,34.5,-11.72,-1.512,-7.893,24.3,12.3,23.0,-26.402,1.086,0.999,0.886,,,,,趋势破位,78.6,高仓/满仓候选
2024-08-05,低位修复观察,一年低位区间,40%-60%,50.0,低,17.9,2860.7,26.9,-13.076,-2.113,-9.315,19.5,8.0,17.2,-28.408,1.175,1.098,0.969,,,,,趋势破位,84.6,高仓/满仓候选
2024-08-06,低位修复观察,一年低位区间,40%-60%,50.0,低,19.6,2867.28,28.0,-12.876,-3.112,-8.918,19.4,10.8,20.4,-27.319,0.958,0.911,0.802,,,,,趋势破位,83.0,高仓/满仓候选
2024-08-07,低位修复观察,一年低位区间,40%-60%,50.0,低,19.4,2869.83,28.5,-12.799,-2.365,-8.772,19.2,9.8,20.1,-27.419,0.871,0.829,0.727,,,,,趋势破位,83.1,高仓/满仓候选
2024-08-08,低位修复观察,一年低位区间,40%-60%,50.0,低,19.1,2869.9,28.5,-12.797,-3.383,-8.013,19.4,8.6,19.9,-27.479,0.918,0.873,0.762,,,,,趋势破位,83.3,高仓/满仓候选
2024-08-09,低位修复观察,一年低位区间,40%-60%,50.0,低,17.5,2862.19,27.2,-13.028,-3.672,-8.334,18.1,6.3,18.3,-28.041,0.844,0.796,0.693,,,,,趋势破位,84.8,高仓/满仓候选
2024-08-12,低位修复观察,一年低位区间,40%-60%,50.0,低,16.7,2858.2,26.6,-13.074,-3.894,-9.379,17.4,5.9,17.0,-28.479,0.751,0.705,0.612,,,,,趋势破位,85.5,高仓/满仓候选
2024-08-13,低位修复观察,一年低位区间,40%-60%,50.0,低,18.2,2867.95,28.3,-12.777,-3.64,-9.561,18.4,8.0,18.0,-28.12,0.728,0.685,0.59,,,,,趋势破位,84.0,高仓/满仓候选
2024-08-14,低位修复观察,一年低位区间,40%-60%,50.0,低,15.3,2850.65,25.3,-13.304,-3.787,-9.732,15.4,4.8,15.9,-28.859,0.738,0.694,0.591,,,,,趋势破位,86.9,高仓/满仓候选
2024-08-15,低位修复观察,一年低位区间,40%-60%,50.0,低,18.8,2877.36,30.9,-11.976,-3.351,-8.902,20.0,6.1,18.0,-27.862,0.928,0.867,0.734,,,,,趋势破位,82.6,高仓/满仓候选
2024-08-16,低位修复观察,一年低位区间,40%-60%,50.0,低,18.8,2879.43,31.7,-11.691,-3.45,-7.604,20.7,6.0,16.6,-28.057,0.933,0.871,0.735,,,,,趋势破位,82.3,高仓/满仓候选
2024-08-19,低位修复观察,一年低位区间,40%-60%,50.0,低,20.0,2893.67,34.7,-11.089,-2.38,-6.319,22.3,5.6,17.4,-27.435,0.907,0.846,0.711,,,,,趋势破位,80.7,高仓/满仓候选
2024-08-20,低位修复观察,一年低位区间,40%-60%,50.0,低,16.2,2866.66,29.8,-11.919,-1.671,-8.239,19.2,2.6,13.4,-28.747,0.892,0.831,0.696,,,,,趋势破位,84.7,高仓/满仓候选
2024-08-21,低位修复观察,一年低位区间,40%-60%,50.0,低,16.4,2856.58,31.7,-10.431,-1.563,-8.136,20.2,1.3,12.6,-28.027,0.822,0.764,0.636,,,,,趋势破位,82.9,高仓/满仓候选
2024-08-22,低位修复观察,一年低位区间,40%-60%,50.0,低,15.1,2848.77,30.8,-10.372,-1.315,-8.43,19.7,0.0,9.8,-28.92,0.894,0.828,0.686,,,,,趋势破位,83.8,高仓/满仓候选
2024-08-23,低位修复观察,一年低位区间,40%-60%,50.0,低,16.1,2854.37,32.0,-10.157,-1.264,-7.676,22.0,0.0,10.3,-28.209,0.834,0.772,0.638,,,,,趋势破位,82.8,高仓/满仓候选
2024-08-26,低位修复观察,一年低位区间,40%-60%,50.0,低,16.3,2855.52,32.3,-10.121,-1.256,-7.493,21.6,0.0,11.2,-27.832,0.867,0.801,0.659,,,,,趋势破位,82.6,高仓/满仓候选
2024-08-27,低位修复观察,一年低位区间,40%-60%,50.0,低,14.6,2848.73,30.9,-10.334,-1.062,-7.463,18.8,0.0,8.5,-28.683,0.846,0.782,0.641,,,,,趋势破位,84.2,高仓/满仓候选
2024-08-28,低位修复观察,一年低位区间,40%-60%,50.0,低,13.4,2837.43,28.5,-10.69,-3.448,-8.209,16.0,0.1,9.1,-28.509,0.828,0.765,0.623,,,,,趋势破位,85.5,高仓/满仓候选
2024-08-29,低位修复观察,一年低位区间,40%-60%,50.0,低,13.7,2823.11,25.5,-11.141,-3.727,-7.904,14.6,1.8,12.7,-27.359,1.048,0.942,0.763,,,,,趋势破位,85.8,高仓/满仓候选
2024-08-30,低位修复观察,一年低位区间,40%-60%,50.0,低,19.1,2842.21,29.5,-10.54,-2.173,-6.776,21.2,8.5,17.2,-25.97,1.536,1.363,1.102,,,,,趋势破位,80.8,高仓/满仓候选
2024-09-02,低位修复观察,一年低位区间,40%-60%,50.0,低,12.2,2811.04,22.9,-11.521,-1.736,-7.873,12.8,1.1,12.2,-27.518,1.22,1.096,0.886,,,,,趋势破位,87.4,高仓/满仓候选
2024-09-03,低位修复观察,一年低位区间,40%-60%,50.0,低,13.5,2802.98,21.2,-11.774,-2.243,-7.433,14.0,4.4,14.3,-26.88,1.011,0.902,0.729,,,,,趋势破位,86.7,高仓/满仓候选
2024-09-04,低位修复观察,一年低位区间,40%-60%,50.0,低,11.3,2784.28,17.3,-12.363,-2.981,-8.336,10.8,4.1,13.1,-27.226,0.98,0.872,0.703,,,,,趋势破位,89.1,高仓/满仓候选
2024-09-05,低位修复观察,一年低位区间,40%-60%,50.0,低,12.7,2788.31,18.1,-12.236,-2.843,-7.944,11.7,5.8,15.0,-26.65,0.94,0.837,0.673,,,,,趋势破位,87.8,高仓/满仓候选
2024-09-06,低位修复观察,一年低位区间,40%-60%,50.0,低,8.3,2765.81,13.4,-12.944,-3.367,-8.798,7.7,1.2,11.0,-27.906,0.961,0.854,0.684,,,,,趋势破位,92.1,高仓/满仓候选
2024-09-09,低位修复观察,一年低位区间,40%-60%,50.0,低,5.0,2736.49,7.2,-13.867,-4.258,-9.264,2.0,1.4,9.3,-28.429,0.92,0.822,0.655,,,,,趋势破位,95.8,高仓/满仓候选
2024-09-10,低位修复观察,一年低位区间,40%-60%,50.0,低,5.7,2744.19,8.8,-13.625,-4.315,-9.44,2.4,1.6,9.9,-28.236,0.934,0.842,0.669,,,,,趋势破位,94.9,高仓/满仓候选
2024-09-11,低位修复观察,一年低位区间,40%-60%,50.0,低,4.9,2721.8,4.1,-14.33,-4.52,-9.816,1.0,4.7,9.8,-28.261,0.881,0.801,0.634,,,,,趋势破位,96.3,高仓/满仓候选
2024-09-12,低位修复观察,一年低位区间,40%-60%,50.0,低,3.9,2717.12,3.1,-14.477,-5.569,-9.593,0.0,3.6,9.0,-28.538,0.907,0.832,0.656,,,,,趋势破位,97.3,高仓/满仓候选
2024-09-13,低位修复观察,一年低位区间,40%-60%,50.0,低,1.8,2704.09,0.4,-14.728,-6.089,-9.808,0.0,0.8,6.1,-29.426,0.929,0.851,0.668,,,,,趋势破位,99.3,高仓/满仓候选
2024-09-18,低位修复观察,一年低位区间,40%-60%,50.0,低,2.7,2717.28,3.2,-14.312,-6.096,-8.296,1.8,0.5,5.4,-29.651,0.854,0.78,0.612,,,,,趋势破位,98.1,高仓/满仓候选
2024-09-19,低位修复观察,一年低位区间,40%-60%,50.0,低,6.5,2736.02,7.2,-13.722,-4.557,-7.254,6.0,3.0,9.7,-28.321,1.126,1.026,0.801,,,,,趋势破位,94.4,高仓/满仓候选
2024-09-20,低位修复观察,一年低位区间,40%-60%,50.0,低,6.0,2736.81,7.4,-13.697,-4.193,-7.93,6.9,1.1,8.7,-28.624,1.026,0.941,0.735,,,,,趋势破位,94.8,高仓/满仓候选
2024-09-23,低位修复观察,一年低位区间,40%-60%,50.0,低,7.0,2748.92,10.0,-13.315,-3.505,-6.685,8.8,0.0,9.0,-28.531,0.978,0.904,0.705,,,,,趋势破位,93.5,高仓/满仓候选
2024-09-24,低位修复观察,一年低位区间,40%-60%,50.0,低,25.1,2863.13,34.3,-9.713,0.307,-3.514,32.0,16.3,17.8,-25.758,1.724,1.596,1.244,,,,,趋势破位,93.1,高仓/满仓候选
2024-09-25,震荡中继,一年中部区间,40%-55%,47.5,低,31.4,2896.31,41.4,-8.667,1.428,-3.286,41.8,22.1,20.1,-25.059,1.973,1.888,1.482,,,,,趋势破位,68.9,进攻仓
2024-09-26,震荡中继,一年中部区间,40%-55%,47.5,低,49.1,3000.95,63.7,-5.367,5.343,0.131,66.6,36.6,29.6,-22.055,1.881,1.871,1.485,,,,,趋势破位,51.1,中性仓
2024-09-27,震荡中继,一年高位回落区,40%-55%,47.5,低,72.5,3087.53,82.2,-2.637,8.814,3.526,93.9,70.7,43.0,-17.86,2.222,2.296,1.843,,,,,趋势破位,32.0,轻仓观察
2024-09-30,高位修复观察,一年高位区间,35%-50%,42.5,低,93.0,3336.5,100.0,0.0,18.185,12.812,100.0,100.0,72.2,-8.707,3.714,4.025,3.291,,,,,趋势破位,3.6,极低仓/空仓候选
2024-10-08,高位修复观察,一年高位区间,35%-50%,42.5,低,99.3,3489.78,100.0,0.0,22.784,18.3,100.0,100.0,97.4,-0.82,4.329,5.093,4.34,,,,,,0.0,极低仓/空仓候选
2024-10-09,震荡中继,一年高位回落区,40%-55%,47.5,低,72.5,3258.86,70.7,-6.617,15.931,11.511,72.6,73.5,73.2,-8.41,3.174,4.051,3.646,,,,,趋势破位,33.8,轻仓观察
2024-10-10,震荡中继,一年高位回落区,40%-55%,47.5,低,72.2,3301.93,76.1,-5.383,17.801,11.575,76.4,66.9,69.5,-9.575,2.065,2.801,2.628,,,,,趋势破位,32.7,轻仓观察
2024-10-11,震荡中继,一年中部区间,40%-55%,47.5,低,61.3,3217.74,65.5,-7.795,15.568,9.471,66.4,55.9,57.3,-13.377,1.409,1.993,1.913,,,,,趋势破位,44.0,轻仓观察
2024-10-14,震荡中继,一年高位回落区,40%-55%,47.5,低,69.0,3284.32,73.9,-5.887,17.789,10.569,73.1,61.3,67.5,-10.195,1.401,2.035,1.98,,,,,趋势破位,35.8,轻仓观察
2024-10-15,震荡中继,一年中部区间,40%-55%,47.5,低,60.8,3201.29,63.4,-8.267,15.745,7.74,63.5,54.5,61.9,-11.931,1.338,1.999,1.971,,,,,趋势破位,45.0,轻仓观察
2024-10-16,震荡中继,一年中部区间,40%-55%,47.5,低,59.4,3202.95,63.6,-8.219,17.046,7.698,61.3,50.0,62.8,-11.658,1.078,1.65,1.651,,,,,趋势破位,46.0,中性仓
2024-10-17,震荡中继,一年中部区间,40%-55%,47.5,低,56.9,3169.38,59.3,-9.181,15.494,6.487,57.3,49.3,61.9,-11.956,1.131,1.762,1.784,,,,,趋势破位,49.1,中性仓
2024-10-18,震荡中继,一年高位回落区,40%-55%,47.5,低,70.1,3261.56,71.0,-6.54,19.831,10.082,69.8,65.2,74.3,-8.057,1.534,2.438,2.501,,,,,趋势破位,35.6,轻仓观察
2024-10-21,震荡中继,一年高位回落区,40%-55%,47.5,低,72.3,3268.11,71.9,-6.352,20.278,9.774,70.7,66.7,80.0,-6.28,1.509,2.47,2.586,,,,,趋势破位,33.6,轻仓观察
2024-10-22,震荡中继,一年高位回落区,40%-55%,47.5,低,73.9,3285.87,74.1,-5.843,21.515,10.179,72.8,67.3,81.4,-5.828,1.25,2.103,2.25,,,,,,31.8,轻仓观察
2024-10-23,震荡中继,一年高位回落区,40%-55%,47.5,低,74.7,3302.8,76.3,-5.358,21.548,11.422,74.2,66.2,82.2,-5.592,1.204,2.071,2.255,,,,,,30.6,轻仓观察
2024-10-24,震荡中继,一年高位回落区,40%-55%,47.5,低,71.7,3280.26,73.4,-6.004,19.892,12.516,70.2,63.2,80.0,-6.263,0.909,1.598,1.77,,,,,趋势破位,33.7,轻仓观察
2024-10-25,震荡中继,一年高位回落区,40%-55%,47.5,低,76.0,3299.7,75.9,-5.447,20.567,13.706,72.7,69.5,85.8,-4.452,1.032,1.835,2.057,,,,,,29.7,防守仓
2024-10-28,震荡中继,一年高位回落区,40%-55%,47.5,低,78.0,3322.2,78.7,-4.802,20.855,15.085,73.4,68.5,91.3,-2.738,1.048,1.892,2.152,,,,,,27.6,防守仓
2024-10-29,震荡中继,一年高位回落区,40%-55%,47.5,低,73.4,3286.41,74.2,-5.828,14.784,13.681,69.8,63.4,86.3,-4.309,1.119,2.05,2.371,,,,,,32.2,轻仓观察
2024-10-30,震荡中继,一年高位回落区,40%-55%,47.5,低,71.8,3266.24,71.6,-6.406,12.772,12.946,66.6,60.9,88.1,-3.741,0.973,1.792,2.11,,,,,趋势破位,34.1,轻仓观察
2024-10-31,震荡中继,一年高位回落区,40%-55%,47.5,低,73.8,3279.82,73.3,-6.016,9.293,13.91,66.7,62.2,93.0,-2.185,1.148,2.109,2.521,,,,,趋势破位,32.1,轻仓观察
2024-11-01,震荡中继,一年高位回落区,40%-55%,47.5,低,70.2,3272.01,72.3,-6.24,5.975,11.34,66.6,58.2,83.5,-5.166,1.124,2.069,2.52,,,,,趋势破位,35.2,轻仓观察
2024-11-04,震荡中继,一年高位回落区,40%-55%,47.5,低,75.7,3310.21,77.2,-5.146,-0.788,12.884,71.6,64.3,89.8,-3.201,0.837,1.539,1.901,,,,,,29.6,防守仓
2024-11-05,高位修复观察,一年高位区间,35%-50%,42.5,低,85.5,3386.99,86.9,-2.945,-2.945,16.578,80.7,74.5,100.0,0.0,1.164,2.065,2.574,,,,,,21.6,防守仓
2024-11-06,高位修复观察,一年高位区间,35%-50%,42.5,低,84.4,3383.81,86.5,-3.037,3.834,18.286,78.9,72.1,100.0,0.0,1.334,2.244,2.845,,,,,,22.5,防守仓
2024-11-07,高位修复观察,一年高位区间,35%-50%,42.5,低,92.0,3470.66,97.6,-0.548,5.11,21.044,89.9,80.4,100.0,0.0,1.317,2.138,2.76,,,,,,4.4,极低仓/空仓候选
2024-11-08,高位修复观察,一年高位区间,35%-50%,42.5,低,89.7,3452.3,95.2,-1.074,7.29,20.296,86.1,77.6,100.0,0.0,1.396,2.23,2.933,,,,,,18.2,防守仓
2024-11-11,高位修复观察,一年高位区间,35%-50%,42.5,低,92.7,3470.07,97.5,-0.565,5.656,20.913,88.6,84.5,100.0,0.0,1.269,2.027,2.722,,,,,,3.8,极低仓/空仓候选
2024-11-12,高位修复观察,一年高位区间,35%-50%,42.5,低,89.1,3421.97,91.4,-1.943,6.893,19.558,84.5,84.4,96.2,-1.323,1.263,2.011,2.751,,,,,,18.7,防守仓
2024-11-13,高位修复观察,一年高位区间,35%-50%,42.5,低,90.7,3439.28,93.6,-1.447,7.379,20.33,86.8,87.0,95.4,-1.59,0.973,1.544,2.152,,,,,,5.4,极低仓/空仓候选
2024-11-14,高位修复观察,一年高位区间,35%-50%,42.5,低,83.0,3379.84,86.0,-3.15,6.64,17.849,80.3,78.9,86.6,-4.664,0.877,1.386,1.959,,,,,,23.6,防守仓
2024-11-15,震荡中继,一年高位回落区,40%-55%,47.5,低,75.9,3330.73,79.8,-4.558,2.121,16.841,73.8,69.9,80.2,-6.893,0.864,1.353,1.938,,,,,,29.3,防守仓
2024-11-18,震荡中继,一年高位回落区,40%-55%,47.5,低,72.3,3323.85,78.9,-4.755,1.706,15.517,72.1,64.8,73.6,-9.188,0.837,1.281,1.857,,,,,趋势破位,32.2,轻仓观察
2024-11-19,震荡中继,一年高位回落区,40%-55%,47.5,低,77.0,3346.01,81.7,-4.12,1.83,16.204,74.5,71.2,80.4,-6.821,0.749,1.12,1.641,,,,,,28.4,防守仓
2024-11-20,震荡中继,一年高位回落区,40%-55%,47.5,低,79.5,3367.99,84.5,-3.49,1.974,16.392,75.4,72.3,85.6,-4.989,0.783,1.147,1.696,,,,,,26.4,防守仓
2024-11-21,震荡中继,一年高位回落区,40%-55%,47.5,低,79.7,3370.4,84.8,-3.421,2.748,17.572,75.7,72.1,86.1,-4.816,0.788,1.131,1.689,,,,,,26.2,防守仓
2024-11-22,震荡中继,一年高位回落区,40%-55%,47.5,低,68.8,3267.19,71.7,-6.378,-0.985,14.374,64.4,63.3,76.0,-8.337,0.873,1.241,1.871,,,,,趋势破位,36.5,轻仓观察
2024-11-25,震荡中继,一年高位回落区,40%-55%,47.5,低,68.6,3263.76,71.3,-6.477,-1.759,14.567,62.8,63.2,77.0,-8.008,0.726,1.018,1.551,,,,,趋势破位,36.7,轻仓观察
2024-11-26,震荡中继,一年高位回落区,40%-55%,47.5,低,66.9,3259.76,70.8,-6.591,-0.811,14.202,62.1,60.8,73.9,-9.081,0.642,0.882,1.355,,,,,趋势破位,38.2,轻仓观察
2024-11-27,震荡中继,一年高位回落区,40%-55%,47.5,低,72.9,3309.78,77.1,-5.158,1.333,15.908,68.2,66.5,79.9,-6.997,0.731,0.977,1.512,,,,,,31.9,轻仓观察
2024-11-28,震荡中继,一年高位回落区,40%-55%,47.5,低,70.4,3295.7,75.4,-5.561,0.484,15.69,65.0,62.7,78.4,-7.492,0.754,0.988,1.542,,,,,,34.3,轻仓观察
2024-11-29,震荡中继,一年高位回落区,40%-55%,47.5,低,74.8,3326.46,79.3,-4.68,1.664,17.235,69.0,68.0,82.9,-5.926,0.881,1.12,1.763,,,,,,30.2,轻仓观察
2024-12-02,震荡中继,一年高位回落区,40%-55%,47.5,低,78.8,3363.98,84.0,-3.605,1.624,19.159,71.9,71.1,88.4,-4.034,0.934,1.157,1.837,,,,,,27.0,防守仓
2024-12-03,震荡中继,一年高位回落区,40%-55%,47.5,低,79.0,3378.81,85.9,-3.18,-0.242,18.88,72.3,70.1,87.9,-4.191,0.895,1.097,1.758,,,,,,26.8,防守仓
2024-12-04,震荡中继,一年高位回落区,40%-55%,47.5,低,76.2,3364.65,84.1,-3.586,-0.566,19.694,70.3,67.0,83.6,-5.686,0.881,1.054,1.699,,,,,,29.0,防守仓
2024-12-05,震荡中继,一年高位回落区,40%-55%,47.5,低,77.3,3368.86,84.6,-3.465,-2.933,20.189,69.5,67.8,87.2,-4.46,0.813,0.94,1.526,,,,,,28.2,防守仓
2024-12-06,震荡中继,一年高位回落区,40%-55%,47.5,低,81.4,3404.08,89.1,-2.456,-1.397,22.261,74.2,72.2,90.0,-3.487,0.998,1.111,1.817,,,,,,24.9,防守仓
2024-12-09,震荡中继,一年高位回落区,40%-55%,47.5,低,80.2,3402.53,88.9,-2.5,-1.946,22.028,73.6,70.4,87.9,-4.191,0.935,1.003,1.653,,,,,,25.8,防守仓
2024-12-10,高位修复观察,一年高位区间,35%-50%,42.5,低,82.5,3422.66,91.5,-1.923,0.02,23.749,76.3,71.9,90.5,-3.298,1.291,1.335,2.218,,,,,,24.0,防守仓
2024-12-11,高位修复观察,一年高位区间,35%-50%,42.5,低,83.5,3432.49,92.7,-1.642,-0.197,25.434,75.6,71.7,94.2,-2.001,1.053,1.06,1.781,,,,,,23.2,防守仓
2024-12-12,高位修复观察,一年高位区间,35%-50%,42.5,低,86.6,3461.5,96.4,-0.81,2.416,26.139,79.2,74.7,96.1,-1.351,1.114,1.1,1.864,,,,,,20.7,防守仓
2024-12-13,震荡中继,一年高位回落区,40%-55%,47.5,低,79.4,3391.88,87.6,-2.805,1.836,24.619,70.6,69.1,90.2,-3.405,1.234,1.203,2.057,,,,,,26.5,防守仓
2024-12-16,震荡中继,一年高位回落区,40%-55%,47.5,低,77.0,3386.33,86.9,-2.964,1.88,24.629,68.6,65.8,86.8,-4.583,1.006,0.974,1.681,,,,,,28.4,防守仓
2024-12-17,震荡中继,一年高位回落区,40%-55%,47.5,低,75.0,3361.49,83.7,-3.676,0.463,24.311,69.5,65.8,81.0,-6.613,0.896,0.856,1.489,,,,,,30.0,防守仓
2024-12-18,震荡中继,一年高位回落区,40%-55%,47.5,低,76.7,3382.21,86.3,-3.082,0.422,24.47,71.4,65.9,83.2,-5.824,0.808,0.764,1.338,,,,,,28.6,防守仓
2024-12-19,震荡中继,一年高位回落区,40%-55%,47.5,低,76.8,3370.03,84.8,-3.431,-0.011,23.173,71.7,67.0,83.7,-5.652,0.864,0.804,1.417,,,,,,28.6,防守仓
2024-12-20,震荡中继,一年高位回落区,40%-55%,47.5,低,76.9,3368.07,84.5,-3.488,3.088,23.066,70.1,66.6,86.6,-4.67,0.911,0.837,1.483,,,,,,28.5,防守仓
2024-12-23,震荡中继,一年高位回落区,40%-55%,47.5,低,74.1,3351.26,82.4,-3.969,2.681,21.912,70.6,64.5,78.9,-7.336,0.928,0.838,1.495,,,,,,30.7,轻仓观察
2024-12-24,震荡中继,一年高位回落区,40%-55%,47.5,低,78.0,3393.53,87.8,-2.758,4.104,18.525,75.2,67.0,81.9,-6.303,0.792,0.71,1.274,,,,,,27.6,防守仓
2024-12-25,震荡中继,一年高位回落区,40%-55%,47.5,低,76.9,3393.35,87.8,-2.763,2.525,17.161,75.3,65.8,78.8,-7.362,0.776,0.693,1.246,,,,,,28.5,防守仓
2024-12-26,震荡中继,一年高位回落区,40%-55%,47.5,低,78.0,3398.08,88.4,-2.628,3.106,13.233,75.5,66.6,81.7,-6.362,0.775,0.688,1.235,,,,,,27.6,防守仓
2024-12-27,震荡中继,一年高位回落区,40%-55%,47.5,低,78.0,3400.14,88.6,-2.569,2.215,10.125,74.9,66.1,82.2,-6.193,0.879,0.774,1.388,,,,,,27.6,防守仓
2024-12-30,震荡中继,一年高位回落区,40%-55%,47.5,低,78.4,3407.33,89.5,-2.363,1.289,2.123,76.6,66.3,81.1,-6.583,0.789,0.689,1.232,,,,,,27.3,防守仓
2024-12-31,震荡中继,一年高位回落区,40%-55%,47.5,低,71.5,3351.76,82.5,-3.955,-0.801,-3.955,70.7,59.9,72.8,-9.444,0.845,0.736,1.297,,,,,趋势破位,32.8,轻仓观察
2025-01-02,震荡中继,一年高位回落区,40%-55%,47.5,低,62.3,3262.56,71.1,-6.511,-3.034,0.114,60.3,52.0,65.8,-11.885,0.887,0.778,1.342,,,,,趋势破位,41.8,轻仓观察
2025-01-03,震荡中继,一年中部区间,40%-55%,47.5,低,56.7,3211.43,64.7,-7.976,-4.673,-2.741,56.2,47.6,58.3,-14.498,0.812,0.717,1.215,,,,,趋势破位,47.9,中性仓
2025-01-06,震荡中继,一年中部区间,40%-55%,47.5,低,56.1,3206.92,64.1,-8.105,-5.792,-0.336,55.6,47.4,57.5,-14.759,0.683,0.604,1.012,,,,,趋势破位,48.5,中性仓
2025-01-07,震荡中继,一年中部区间,40%-55%,47.5,低,58.8,3229.64,67.0,-7.454,-5.081,-1.665,58.1,48.8,61.2,-13.482,0.712,0.617,1.028,,,,,趋势破位,45.7,中性仓
2025-01-08,震荡中继,一年中部区间,40%-55%,47.5,低,57.8,3230.17,67.0,-7.439,-5.624,0.902,57.4,46.9,59.9,-13.942,0.837,0.716,1.185,,,,,趋势破位,46.4,中性仓
2025-01-09,震荡中继,一年中部区间,40%-55%,47.5,低,57.2,3211.39,64.7,-7.977,-6.441,0.264,56.6,47.1,60.4,-13.775,0.774,0.643,1.058,,,,,趋势破位,47.5,中性仓
2025-01-10,震荡中继,一年中部区间,40%-55%,47.5,低,52.5,3168.52,59.2,-9.206,-8.464,-0.027,52.3,43.6,54.8,-15.718,0.818,0.666,1.09,,,,,趋势破位,52.6,中性仓
2025-01-13,震荡中继,一年中部区间,40%-55%,47.5,低,52.3,3160.76,58.2,-9.428,-6.814,-3.091,51.4,44.3,55.4,-15.497,0.707,0.562,0.917,,,,,趋势破位,53.0,中性仓
2025-01-14,震荡中继,一年高位回落区,40%-55%,47.5,低,62.2,3240.94,68.4,-7.131,-4.293,-0.831,60.3,53.5,66.4,-11.673,1.029,0.794,1.281,,,,,趋势破位,42.6,轻仓观察
2025-01-15,震荡中继,一年中部区间,40%-55%,47.5,低,59.9,3227.12,66.7,-7.527,-3.997,-1.788,58.1,49.8,64.9,-12.212,0.918,0.705,1.125,,,,,趋势破位,44.9,轻仓观察
2025-01-16,震荡中继,一年高位回落区,40%-55%,47.5,低,60.9,3236.03,67.8,-7.271,-4.322,-2.022,58.5,51.1,66.0,-11.821,0.996,0.761,1.203,,,,,趋势破位,43.8,轻仓观察
2025-01-17,震荡中继,一年高位回落区,40%-55%,47.5,低,62.1,3241.82,68.5,-7.105,-3.804,-1.172,59.5,52.6,67.7,-11.209,0.891,0.682,1.07,,,,,趋势破位,42.6,轻仓观察
2025-01-20,震荡中继,一年高位回落区,40%-55%,47.5,低,63.9,3244.38,68.8,-7.032,-3.672,-1.677,61.1,56.3,69.4,-10.638,0.94,0.714,1.113,,,,,趋势破位,41.1,轻仓观察
2025-01-21,震荡中继,一年高位回落区,40%-55%,47.5,低,64.4,3242.62,68.6,-7.082,-3.242,-2.395,61.4,57.1,70.6,-10.199,0.97,0.731,1.132,,,,,趋势破位,40.8,轻仓观察
2025-01-22,震荡中继,一年中部区间,40%-55%,47.5,低,61.8,3213.62,64.9,-7.913,-5.302,-2.215,58.1,55.9,68.4,-10.994,0.926,0.694,1.064,,,,,趋势破位,43.8,轻仓观察
2025-01-23,震荡中继,一年高位回落区,40%-55%,47.5,低,62.0,3230.16,67.0,-7.439,-4.809,-1.105,58.8,55.2,67.2,-11.4,1.113,0.836,1.268,,,,,趋势破位,43.1,轻仓观察
2025-01-24,震荡中继,一年高位回落区,40%-55%,47.5,低,65.3,3252.63,69.9,-6.796,-4.28,-0.829,61.4,58.0,72.0,-9.741,1.001,0.758,1.14,,,,,趋势破位,39.7,轻仓观察
2025-01-27,震荡中继,一年高位回落区,40%-55%,47.5,低,62.5,3250.6,69.6,-6.854,-4.398,-0.654,60.0,52.3,67.9,-11.141,0.917,0.7,1.041,,,,,趋势破位,42.0,轻仓观察
2025-02-05,震荡中继,一年高位回落区,40%-55%,47.5,低,61.7,3229.49,67.0,-7.459,-5.219,-2.439,58.0,52.2,69.5,-10.603,1.072,0.817,1.199,,,,,趋势破位,43.3,轻仓观察
2025-02-06,震荡中继,一年高位回落区,40%-55%,47.5,低,67.2,3270.66,72.2,-6.279,-2.42,-3.435,62.3,57.9,76.5,-8.165,1.276,0.977,1.424,,,,,趋势破位,37.6,轻仓观察
2025-02-07,震荡中继,一年高位回落区,40%-55%,47.5,低,71.7,3303.67,76.4,-5.333,1.26,-2.368,66.9,63.1,80.5,-6.763,1.616,1.258,1.812,,,,,,33.0,轻仓观察
2025-02-10,震荡中继,一年高位回落区,40%-55%,47.5,低,73.6,3322.17,78.7,-4.803,3.448,-4.278,67.6,64.1,83.9,-5.601,1.394,1.118,1.593,,,,,,31.1,轻仓观察
2025-02-11,震荡中继,一年高位回落区,40%-55%,47.5,低,72.0,3318.06,78.2,-4.921,3.466,-3.888,66.0,61.0,83.0,-5.91,1.294,1.065,1.5,,,,,,32.4,轻仓观察
2025-02-12,震荡中继,一年高位回落区,40%-55%,47.5,低,75.8,3346.39,81.8,-4.109,3.615,-3.564,69.3,64.8,87.1,-4.475,1.297,1.105,1.533,,,,,,29.4,防守仓
2025-02-13,震荡中继,一年高位回落区,40%-55%,47.5,低,73.8,3332.48,80.0,-4.507,3.167,-2.615,68.0,63.3,84.0,-5.571,1.375,1.21,1.658,,,,,,31.0,轻仓观察
2025-02-14,震荡中继,一年高位回落区,40%-55%,47.5,低,76.4,3346.72,81.8,-4.099,4.214,-2.691,71.1,67.2,85.6,-5.019,1.268,1.149,1.556,,,,,,28.9,防守仓
2025-02-17,震荡中继,一年高位回落区,40%-55%,47.5,低,77.5,3355.83,83.0,-3.838,5.912,-0.71,71.9,68.3,87.0,-4.521,1.404,1.306,1.757,,,,,,28.0,防守仓
2025-02-18,震荡中继,一年高位回落区,40%-55%,47.5,低,73.1,3324.49,79.0,-4.736,5.18,-0.187,68.7,63.9,80.9,-6.64,1.265,1.208,1.621,,,,,,31.5,轻仓观察
2025-02-19,震荡中继,一年高位回落区,40%-55%,47.5,低,77.3,3351.54,82.4,-3.961,3.413,0.833,71.2,68.3,87.3,-4.415,1.176,1.156,1.545,,,,,,28.2,防守仓
2025-02-20,震荡中继,一年高位回落区,40%-55%,47.5,低,77.5,3350.78,82.4,-3.983,3.832,0.143,70.2,68.2,89.3,-3.718,1.185,1.181,1.571,,,,,,28.0,防守仓
2025-02-21,高位修复观察,一年高位区间,35%-50%,42.5,低,82.1,3379.11,85.9,-3.171,4.421,0.33,74.7,73.6,94.3,-1.973,1.452,1.47,1.954,,,,,,24.3,防守仓
2025-02-24,震荡中继,一年高位回落区,40%-55%,47.5,低,81.5,3373.03,85.2,-3.345,4.047,0.078,73.9,72.1,95.0,-1.748,1.337,1.386,1.845,,,,,,24.8,防守仓
2025-02-25,震荡中继,一年高位回落区,40%-55%,47.5,低,78.7,3346.04,81.7,-4.119,3.133,2.413,69.9,69.6,93.4,-2.182,1.183,1.257,1.674,,,,,,27.0,防守仓
2025-02-26,高位修复观察,一年高位区间,35%-50%,42.5,低,82.2,3380.21,86.1,-3.14,4.243,3.568,73.0,72.3,97.5,-0.83,1.182,1.283,1.705,,,,,,24.2,防守仓
2025-02-27,高位修复观察,一年高位区间,35%-50%,42.5,低,82.1,3388.06,87.1,-2.915,5.428,3.936,73.7,71.2,96.4,-1.208,1.196,1.321,1.757,,,,,,24.3,防守仓
2025-02-28,震荡中继,一年高位回落区,40%-55%,47.5,低,73.4,3320.9,78.5,-4.839,2.809,0.336,66.6,62.7,85.8,-4.691,1.086,1.221,1.631,,,,,,31.3,轻仓观察
2025-03-03,震荡中继,一年高位回落区,40%-55%,47.5,低,74.0,3316.93,78.0,-4.953,1.977,0.644,66.5,65.3,86.0,-4.641,0.931,1.058,1.415,,,,,,30.8,轻仓观察
2025-03-04,震荡中继,一年高位回落区,40%-55%,47.5,低,74.9,3324.21,78.9,-4.744,2.265,-0.068,66.2,64.7,89.8,-3.365,0.813,0.933,1.247,,,,,,30.1,轻仓观察
2025-03-05,震荡中继,一年高位回落区,40%-55%,47.5,低,76.3,3341.96,81.2,-4.236,3.483,-0.655,67.8,64.7,91.7,-2.748,0.839,0.974,1.295,,,,,,29.0,防守仓
2025-03-06,震荡中继,一年高位回落区,40%-55%,47.5,低,81.5,3381.1,86.2,-3.114,3.377,0.068,72.7,69.1,98.0,-0.669,1.064,1.247,1.65,,,,,,24.8,防守仓
2025-03-07,震荡中继,一年高位回落区,40%-55%,47.5,低,79.9,3372.55,85.1,-3.359,2.085,0.235,71.5,66.2,96.7,-1.083,1.005,1.187,1.567,,,,,,26.1,防守仓
2025-03-10,震荡中继,一年高位回落区,40%-55%,47.5,低,79.3,3366.16,84.3,-3.542,1.324,-0.08,70.2,65.6,97.3,-0.882,0.835,0.981,1.294,,,,,,26.6,防守仓
2025-03-11,震荡中继,一年高位回落区,40%-55%,47.5,低,80.5,3379.83,86.0,-3.151,1.862,-0.712,71.3,66.0,98.7,-0.415,0.827,0.965,1.271,,,,,,25.6,防守仓
2025-03-12,震荡中继,一年高位回落区,40%-55%,47.5,低,79.8,3371.92,85.0,-3.377,0.763,-0.9,70.0,64.8,99.4,-0.183,0.944,1.101,1.442,,,,,,26.2,防守仓
2025-03-13,震荡中继,一年高位回落区,40%-55%,47.5,低,77.3,3358.73,83.3,-3.755,0.788,-1.868,68.6,62.3,94.9,-1.705,0.901,1.05,1.375,,,,,,28.2,防守仓
2025-03-14,高位修复观察,一年高位区间,35%-50%,42.5,低,84.0,3419.56,91.1,-2.012,2.176,-0.377,77.2,68.3,99.6,-0.119,1.01,1.178,1.53,,,,,,22.8,防守仓
2025-03-17,高位修复观察,一年高位区间,35%-50%,42.5,低,83.8,3426.13,91.9,-1.824,2.095,-1.022,76.4,67.1,100.0,0.0,0.885,1.034,1.34,,,,,,23.0,防守仓
2025-03-18,高位修复观察,一年高位区间,35%-50%,42.5,低,84.6,3429.76,92.4,-1.72,3.167,1.117,77.4,68.5,100.0,0.0,0.864,1.002,1.292,,,,,,22.3,防守仓
2025-03-19,高位修复观察,一年高位区间,35%-50%,42.5,低,83.8,3426.43,91.9,-1.815,2.234,1.184,77.6,67.8,97.9,-0.715,0.84,0.973,1.245,,,,,,23.0,防守仓
2025-03-20,震荡中继,一年高位回落区,40%-55%,47.5,低,81.6,3408.95,89.7,-2.316,1.736,1.412,74.4,65.7,96.5,-1.163,0.832,0.959,1.222,,,,,,24.7,防守仓
2025-03-21,震荡中继,一年高位回落区,40%-55%,47.5,低,76.2,3364.83,84.1,-3.58,-0.423,-0.514,68.9,61.0,90.7,-3.12,0.904,1.033,1.312,,,,,,29.0,防守仓
2025-03-24,震荡中继,一年高位回落区,40%-55%,47.5,低,76.3,3370.03,84.8,-3.431,-0.089,0.0,70.7,61.0,88.6,-3.805,0.861,0.964,1.225,,,,,,29.0,防守仓
2025-03-25,震荡中继,一年高位回落区,40%-55%,47.5,低,75.5,3369.98,84.8,-3.433,0.715,0.057,70.5,60.3,86.4,-4.555,0.761,0.836,1.061,,,,,,29.6,防守仓
2025-03-26,震荡中继,一年高位回落区,40%-55%,47.5,低,75.3,3368.7,84.6,-3.47,-0.341,0.52,69.3,59.8,87.5,-4.19,0.712,0.769,0.973,,,,,,29.8,防守仓
2025-03-27,震荡中继,一年高位回落区,40%-55%,47.5,低,75.8,3373.75,85.2,-3.325,-0.422,-0.583,70.5,60.3,87.2,-4.283,0.753,0.797,1.003,,,,,,29.4,防守仓
2025-03-28,震荡中继,一年高位回落区,40%-55%,47.5,低,73.6,3351.31,82.4,-3.968,0.916,-1.239,68.9,58.6,84.5,-5.197,0.726,0.75,0.942,,,,,,31.1,轻仓观察
2025-03-31,震荡中继,一年高位回落区,40%-55%,47.5,低,71.4,3335.75,80.4,-4.414,0.567,-1.834,66.4,56.2,82.6,-5.827,0.812,0.82,1.028,,,,,,32.9,轻仓观察
2025-04-01,震荡中继,一年高位回落区,40%-55%,47.5,低,72.1,3348.44,82.0,-4.05,0.729,-1.521,66.4,56.0,84.1,-5.331,0.763,0.76,0.952,,,,,,32.3,轻仓观察
2025-04-02,震荡中继,一年高位回落区,40%-55%,47.5,低,72.4,3350.13,82.2,-4.002,0.244,-1.679,66.1,56.3,84.9,-5.062,0.664,0.657,0.819,,,,,,32.1,轻仓观察
2025-04-03,震荡中继,一年高位回落区,40%-55%,47.5,低,69.8,3342.01,81.2,-4.234,-1.156,-0.291,64.0,52.5,81.5,-6.181,0.789,0.769,0.957,,,,,,34.2,轻仓观察
2025-04-07,震荡中继,一年中部区间,40%-55%,47.5,低,41.5,3096.58,50.0,-11.267,-8.183,-5.087,39.2,27.1,49.6,-16.871,1.131,1.076,1.335,,,,,趋势破位,63.7,进攻仓
2025-04-08,震荡中继,一年中部区间,40%-55%,47.5,低,45.6,3145.55,56.2,-9.864,-6.554,-2.051,44.8,30.4,51.1,-16.363,1.168,1.099,1.364,,,,,趋势破位,58.9,中性仓
2025-04-09,震荡中继,一年中部区间,40%-55%,47.5,低,49.5,3186.81,61.4,-8.682,-5.711,-0.627,48.1,32.1,56.6,-14.513,1.215,1.145,1.424,,,,,趋势破位,54.5,中性仓
2025-04-10,震荡中继,一年中部区间,40%-55%,47.5,低,54.4,3223.64,66.1,-7.626,-4.397,-0.186,52.5,36.3,62.6,-12.513,1.142,1.076,1.345,,,,,趋势破位,49.4,中性仓
2025-04-11,震荡中继,一年高位回落区,40%-55%,47.5,低,56.7,3238.23,68.0,-7.208,-3.588,0.25,53.9,38.8,66.1,-11.339,0.96,0.897,1.124,,,,,趋势破位,47.1,中性仓
2025-04-14,震荡中继,一年高位回落区,40%-55%,47.5,低,58.7,3262.81,71.1,-6.504,-4.584,1.601,54.7,39.5,69.6,-10.185,0.917,0.848,1.063,,,,,趋势破位,44.7,轻仓观察
2025-04-15,震荡中继,一年高位回落区,40%-55%,47.5,低,58.6,3267.66,71.7,-6.365,-4.625,3.129,54.9,39.2,68.5,-10.555,0.788,0.714,0.895,,,,,趋势破位,44.6,轻仓观察
2025-04-16,震荡中继,一年中部区间,40%-55%,47.5,低,57.6,3276.0,72.8,-6.126,-4.483,3.646,55.9,36.9,64.9,-11.745,0.828,0.737,0.924,,,,,趋势破位,45.2,中性仓
2025-04-17,震荡中继,一年高位回落区,40%-55%,47.5,低,57.8,3280.34,73.3,-6.002,-4.264,1.216,55.9,37.1,65.1,-11.681,0.756,0.662,0.83,,,,,趋势破位,44.9,轻仓观察
2025-04-18,震荡中继,一年中部区间,40%-55%,47.5,低,57.8,3276.73,72.9,-6.105,-3.879,1.537,55.9,37.6,64.7,-11.8,0.704,0.608,0.76,,,,,趋势破位,45.0,轻仓观察
2025-04-21,震荡中继,一年高位回落区,40%-55%,47.5,低,60.6,3291.43,74.8,-5.684,-2.181,1.712,57.0,40.6,70.2,-9.971,0.819,0.694,0.865,,,,,趋势破位,42.3,轻仓观察
2025-04-22,震荡中继,一年高位回落区,40%-55%,47.5,低,60.5,3299.76,75.8,-5.445,-2.085,1.787,57.0,39.0,70.1,-10.022,0.874,0.729,0.905,,,,,趋势破位,42.1,轻仓观察
2025-04-23,震荡中继,一年高位回落区,40%-55%,47.5,低,61.3,3296.36,75.4,-5.542,-2.185,1.602,57.2,41.1,71.6,-9.488,1.001,0.823,1.02,,,,,趋势破位,41.6,轻仓观察
2025-04-24,震荡中继,一年高位回落区,40%-55%,47.5,低,60.2,3297.29,75.5,-5.516,-2.12,1.686,57.0,39.7,68.8,-10.458,0.904,0.741,0.918,,,,,趋势破位,42.4,轻仓观察
2025-04-25,震荡中继,一年高位回落区,40%-55%,47.5,低,60.7,3295.06,75.2,-5.58,-2.332,2.534,57.2,40.9,69.6,-10.17,0.909,0.745,0.921,,,,,趋势破位,42.1,轻仓观察
2025-04-28,震荡中继,一年高位回落区,40%-55%,47.5,低,59.4,3288.41,74.4,-5.77,-1.877,1.803,56.7,39.6,66.8,-11.114,0.865,0.707,0.873,,,,,趋势破位,43.3,轻仓观察
2025-04-29,震荡中继,一年高位回落区,40%-55%,47.5,低,59.4,3286.65,74.1,-5.821,-1.472,1.046,56.1,39.4,68.0,-10.716,0.839,0.687,0.845,,,,,趋势破位,43.4,轻仓观察
2025-04-30,震荡中继,一年高位回落区,40%-55%,47.5,低,60.0,3279.03,73.2,-6.039,-2.073,0.875,55.7,40.9,70.1,-10.009,0.968,0.787,0.966,,,,,趋势破位,43.1,轻仓观察
2025-05-06,震荡中继,一年高位回落区,40%-55%,47.5,低,64.7,3316.11,77.9,-4.977,-1.015,2.682,59.2,44.7,77.0,-7.698,1.104,0.899,1.103,,,,,,38.2,轻仓观察
2025-05-07,震荡中继,一年高位回落区,40%-55%,47.5,低,66.4,3342.67,81.3,-4.215,0.02,2.202,61.3,45.7,77.4,-7.569,1.196,0.987,1.21,,,,,,36.9,轻仓观察
2025-05-08,震荡中继,一年高位回落区,40%-55%,47.5,低,68.5,3352.0,82.5,-3.948,8.248,1.463,63.2,48.9,79.5,-6.864,1.039,0.87,1.064,,,,,,35.2,轻仓观察
2025-05-09,震荡中继,一年高位回落区,40%-55%,47.5,低,66.8,3342.0,81.2,-4.235,6.245,0.597,62.6,47.2,76.1,-8.014,0.969,0.808,0.979,,,,,趋势破位,36.6,轻仓观察
2025-05-12,震荡中继,一年高位回落区,40%-55%,47.5,低,70.9,3369.24,84.7,-3.454,5.725,1.542,66.7,52.4,79.9,-6.722,1.083,0.893,1.073,,,,,,33.3,轻仓观察
2025-05-13,震荡中继,一年高位回落区,40%-55%,47.5,低,71.0,3374.87,85.4,-3.293,4.691,0.851,67.2,52.1,79.2,-6.971,1.087,0.884,1.057,,,,,,33.2,轻仓观察
2025-05-14,震荡中继,一年高位回落区,40%-55%,47.5,低,73.6,3403.95,89.1,-2.459,5.118,2.145,71.5,54.2,79.6,-6.829,1.123,0.906,1.077,,,,,,31.1,轻仓观察
2025-05-15,震荡中继,一年高位回落区,40%-55%,47.5,低,69.9,3380.82,86.1,-3.122,3.617,1.019,68.2,50.3,74.9,-8.392,0.984,0.797,0.943,,,,,趋势破位,34.1,轻仓观察
2025-05-16,震荡中继,一年高位回落区,40%-55%,47.5,低,69.0,3367.46,84.4,-3.505,3.054,0.347,66.5,49.9,75.4,-8.225,0.935,0.759,0.891,,,,,趋势破位,34.8,轻仓观察
2025-05-19,震荡中继,一年高位回落区,40%-55%,47.5,低,69.0,3367.58,84.4,-3.502,2.795,1.296,65.5,49.3,76.7,-7.813,0.932,0.764,0.888,,,,,,34.8,轻仓观察
2025-05-20,震荡中继,一年高位回落区,40%-55%,47.5,低,70.8,3380.48,86.1,-3.132,3.053,0.863,67.4,50.8,78.9,-7.047,1.005,0.829,0.956,,,,,,33.4,轻仓观察
2025-05-21,震荡中继,一年高位回落区,40%-55%,47.5,低,71.7,3387.57,87.0,-2.929,3.383,1.098,69.0,52.5,78.3,-7.256,1.001,0.838,0.958,,,,,,32.6,轻仓观察
2025-05-22,震荡中继,一年高位回落区,40%-55%,47.5,低,70.2,3380.19,86.1,-3.14,2.697,0.032,68.8,50.5,75.3,-8.255,0.93,0.793,0.9,,,,,趋势破位,33.8,轻仓观察
2025-05-23,震荡中继,一年高位回落区,40%-55%,47.5,低,67.0,3348.37,82.0,-4.052,1.473,-0.731,65.9,48.1,71.9,-9.411,0.972,0.842,0.942,,,,,趋势破位,36.4,轻仓观察
2025-05-26,震荡中继,一年高位回落区,40%-55%,47.5,低,66.5,3346.84,81.8,-4.096,1.531,0.024,63.9,46.6,73.6,-8.82,0.847,0.744,0.823,,,,,趋势破位,36.8,轻仓观察
2025-05-27,震荡中继,一年高位回落区,40%-55%,47.5,低,65.2,3340.69,81.0,-4.272,1.316,-1.169,62.0,45.2,72.7,-9.127,0.846,0.744,0.813,,,,,趋势破位,37.8,轻仓观察
2025-05-28,震荡中继,一年高位回落区,40%-55%,47.5,低,64.7,3339.93,80.9,-4.294,1.362,-1.421,61.7,44.6,71.6,-9.49,0.859,0.761,0.822,,,,,趋势破位,38.2,轻仓观察
2025-05-29,震荡中继,一年高位回落区,40%-55%,47.5,低,67.8,3363.45,83.9,-3.62,2.282,1.281,63.8,47.3,76.4,-7.9,1.013,0.904,0.964,,,,,,35.8,轻仓观察
2025-05-30,震荡中继,一年高位回落区,40%-55%,47.5,低,65.7,3347.49,81.9,-4.077,1.851,0.921,62.1,45.4,73.5,-8.853,0.968,0.877,0.925,,,,,趋势破位,37.4,轻仓观察
2025-06-03,震荡中继,一年高位回落区,40%-55%,47.5,低,67.2,3361.98,83.7,-3.662,2.53,1.136,63.2,46.3,75.5,-8.196,0.965,0.884,0.927,,,,,趋势破位,36.2,轻仓观察
2025-06-04,震荡中继,一年高位回落区,40%-55%,47.5,低,69.2,3376.2,85.5,-3.255,1.812,1.025,64.7,48.5,77.9,-7.392,0.976,0.896,0.935,,,,,,34.6,轻仓观察
2025-06-05,震荡中继,一年高位回落区,40%-55%,47.5,低,70.7,3384.1,86.5,-3.028,1.239,0.089,65.5,50.8,79.9,-6.729,1.101,1.008,1.045,,,,,,33.4,轻仓观察
2025-06-06,震荡中继,一年高位回落区,40%-55%,47.5,低,70.3,3385.36,86.7,-2.992,0.995,0.38,65.2,49.9,79.3,-6.943,0.991,0.907,0.932,,,,,,33.8,轻仓观察
2025-06-09,震荡中继,一年高位回落区,40%-55%,47.5,低,72.2,3399.77,88.5,-2.579,1.729,0.998,66.2,52.0,82.2,-5.943,1.113,1.021,1.039,,,,,,32.2,轻仓观察
2025-06-10,震荡中继,一年高位回落区,40%-55%,47.5,低,70.1,3384.82,86.6,-3.008,0.462,0.148,64.4,49.7,79.7,-6.81,1.219,1.127,1.142,,,,,,33.9,轻仓观察
2025-06-11,震荡中继,一年高位回落区,40%-55%,47.5,低,72.2,3402.32,88.9,-2.506,0.813,0.902,67.0,52.1,80.8,-6.434,1.077,1.001,1.01,,,,,,32.2,轻仓观察
2025-06-12,震荡中继,一年高位回落区,40%-55%,47.5,低,72.3,3402.66,88.9,-2.496,-0.038,1.308,66.8,52.6,81.0,-6.348,1.092,1.02,1.022,,,,,,32.2,轻仓观察
2025-06-13,震荡中继,一年高位回落区,40%-55%,47.5,低,69.3,3377.0,85.6,-3.232,-0.113,-1.245,64.3,50.3,77.1,-7.652,1.263,1.181,1.177,,,,,,34.6,轻仓观察
2025-06-16,震荡中继,一年高位回落区,40%-55%,47.5,低,70.7,3388.73,87.1,-2.896,0.632,-1.092,65.1,51.7,79.0,-7.025,1.032,0.983,0.972,,,,,,33.4,轻仓观察
2025-06-17,震荡中继,一年高位回落区,40%-55%,47.5,低,70.3,3387.4,87.0,-2.934,0.589,-1.235,64.8,50.9,78.7,-7.115,1.02,0.981,0.965,,,,,,33.8,轻仓观察
2025-06-18,震荡中继,一年高位回落区,40%-55%,47.5,低,70.6,3388.81,87.1,-2.893,0.246,-1.098,65.3,51.4,78.5,-7.207,1.001,0.972,0.95,,,,,,33.5,轻仓观察
2025-06-19,震荡中继,一年高位回落区,40%-55%,47.5,低,67.3,3362.11,83.8,-3.658,-0.752,-1.374,62.3,48.7,74.5,-8.526,1.05,1.025,0.996,,,,,趋势破位,36.2,轻仓观察
2025-06-20,震荡中继,一年高位回落区,40%-55%,47.5,低,66.4,3359.9,83.5,-3.722,-0.6,-0.147,62.7,47.0,72.3,-9.261,0.894,0.877,0.85,,,,,趋势破位,36.9,轻仓观察
2025-06-23,震荡中继,一年高位回落区,40%-55%,47.5,低,68.4,3381.58,86.2,-3.1,0.992,0.343,63.7,47.8,75.9,-8.072,0.941,0.928,0.892,,,,,趋势破位,35.3,轻仓观察
2025-06-24,震荡中继,一年高位回落区,40%-55%,47.5,低,73.1,3420.57,91.2,-1.983,2.203,1.501,67.9,52.3,81.1,-6.311,1.187,1.175,1.123,,,,,,31.5,轻仓观察
2025-06-25,震荡中继,一年高位回落区,40%-55%,47.5,低,78.0,3455.97,95.7,-0.969,3.451,2.591,73.0,58.6,84.8,-5.078,1.323,1.328,1.269,,,,,,27.6,防守仓
2025-06-26,震荡中继,一年高位回落区,40%-55%,47.5,低,76.8,3448.45,94.7,-1.184,3.249,2.214,71.7,57.3,83.5,-5.507,1.275,1.304,1.25,,,,,,28.6,防守仓
2025-06-27,震荡中继,一年高位回落区,40%-55%,47.5,低,76.1,3424.23,91.7,-1.878,1.807,2.176,69.5,58.2,84.9,-5.066,1.213,1.263,1.214,,,,,,29.1,防守仓
2025-06-30,震荡中继,一年高位回落区,40%-55%,47.5,低,78.6,3444.43,94.2,-1.3,2.896,3.258,70.8,61.0,88.4,-3.868,1.154,1.211,1.169,,,,,,27.1,防守仓
2025-07-01,震荡中继,一年高位回落区,40%-55%,47.5,低,79.2,3457.75,95.9,-0.918,2.849,3.265,71.4,60.5,89.2,-3.602,1.123,1.19,1.15,,,,,,26.6,防守仓
2025-07-02,震荡中继,一年高位回落区,40%-55%,47.5,低,77.9,3454.79,95.5,-1.003,2.328,3.124,71.5,58.2,86.3,-4.574,1.042,1.113,1.077,,,,,,27.7,防守仓
2025-07-03,震荡中继,一年高位回落区,40%-55%,47.5,低,80.0,3461.15,96.4,-0.82,2.277,3.565,73.7,62.1,87.8,-4.073,0.982,1.053,1.022,,,,,,26.0,防守仓
2025-07-04,震荡中继,一年高位回落区,40%-55%,47.5,低,80.2,3472.32,97.8,-0.5,2.569,12.134,75.0,61.4,86.5,-4.533,1.071,1.145,1.113,,,,,,25.8,防守仓
2025-07-07,震荡中继,一年高位回落区,40%-55%,47.5,低,79.3,3473.13,97.9,-0.477,2.158,10.414,73.5,58.8,87.1,-4.307,0.897,0.971,0.939,,,,,,26.6,防守仓
2025-07-08,高位修复观察,一年高位区间,35%-50%,42.5,低,82.8,3497.48,100.0,0.0,3.328,9.749,76.5,63.8,90.8,-3.089,1.082,1.175,1.128,,,,,,23.8,防守仓
2025-07-09,高位修复观察,一年高位区间,35%-50%,42.5,低,82.3,3493.05,99.4,-0.127,2.667,8.357,75.9,64.1,90.0,-3.349,1.118,1.22,1.165,,,,,,24.2,防守仓
2025-07-10,高位修复观察,一年高位区间,35%-50%,42.5,低,83.2,3509.68,100.0,0.0,3.145,8.383,77.6,64.6,90.7,-3.106,1.1,1.213,1.153,,,,,,23.4,防守仓
2025-07-11,高位修复观察,一年高位区间,35%-50%,42.5,低,84.4,3510.18,100.0,0.0,3.944,7.582,78.0,66.3,93.2,-2.281,1.25,1.387,1.318,,,,,,22.5,防守仓
2025-07-14,高位修复观察,一年高位区间,35%-50%,42.5,低,84.2,3519.65,100.0,0.0,3.863,7.712,78.3,65.4,93.2,-2.263,1.056,1.175,1.119,,,,,,22.6,防守仓
2025-07-15,高位修复观察,一年高位区间,35%-50%,42.5,低,84.5,3505.0,98.2,-0.416,3.472,6.99,78.4,69.1,92.4,-2.557,1.156,1.292,1.234,,,,,,22.4,防守仓
2025-07-16,高位修复观察,一年高位区间,35%-50%,42.5,低,84.3,3503.78,98.1,-0.451,3.393,6.811,77.3,68.6,93.2,-2.267,1.02,1.148,1.1,,,,,,22.6,防守仓
2025-07-17,高位修复观察,一年高位区间,35%-50%,42.5,低,87.1,3516.83,99.7,-0.08,4.602,7.327,79.8,72.4,96.6,-1.153,1.079,1.218,1.172,,,,,,20.3,防守仓
2025-07-18,高位修复观察,一年高位区间,35%-50%,42.5,低,88.1,3534.48,100.0,0.0,5.196,7.384,82.0,73.2,97.3,-0.905,1.09,1.233,1.192,,,,,,19.5,防守仓
2025-07-21,高位修复观察,一年高位区间,35%-50%,42.5,低,89.9,3559.79,100.0,0.0,5.27,7.88,84.5,75.2,100.0,0.0,1.159,1.325,1.286,,,,,,18.1,防守仓
2025-07-22,高位修复观察,一年高位区间,35%-50%,42.5,低,91.0,3581.86,100.0,0.0,4.715,8.661,87.5,76.5,100.0,0.0,1.266,1.464,1.428,,,,,,17.2,防守仓
2025-07-23,高位修复观察,一年高位区间,35%-50%,42.5,低,90.7,3582.3,100.0,0.0,3.655,8.644,87.6,76.5,98.7,-0.45,1.227,1.43,1.401,,,,,,17.4,防守仓
2025-07-24,高位修复观察,一年高位区间,35%-50%,42.5,低,92.5,3605.73,100.0,0.0,4.561,9.428,90.2,79.9,100.0,0.0,1.204,1.401,1.382,,,,,,16.0,防守仓
2025-07-25,高位修复观察,一年高位区间,35%-50%,42.5,低,91.6,3593.66,98.7,-0.335,4.948,9.283,88.2,79.4,100.0,0.0,1.157,1.345,1.334,,,,,,16.7,防守仓
2025-07-28,高位修复观察,一年高位区间,35%-50%,42.5,低,92.4,3597.94,99.1,-0.216,4.457,9.471,89.0,81.6,100.0,0.0,1.118,1.299,1.296,,,,,,16.1,防守仓
2025-07-29,高位修复观察,一年高位区间,35%-50%,42.5,低,94.1,3609.71,100.0,0.0,4.395,10.085,90.5,85.9,100.0,0.0,1.148,1.333,1.337,,,,,,14.7,极低仓/空仓候选
2025-07-30,高位修复观察,一年高位区间,35%-50%,42.5,低,92.5,3615.72,100.0,0.0,4.658,9.035,90.4,82.1,97.7,-0.818,1.162,1.353,1.363,,,,,,16.0,防守仓
2025-07-31,高位修复观察,一年高位区间,35%-50%,42.5,低,88.1,3573.21,95.3,-1.176,3.238,6.897,83.5,78.2,95.3,-1.664,1.202,1.411,1.426,,,,,,19.5,防守仓
2025-08-01,高位修复观察,一年高位区间,35%-50%,42.5,低,87.2,3559.95,93.9,-1.542,2.524,6.204,81.7,77.7,95.6,-1.527,0.973,1.158,1.173,,,,,,20.2,防守仓
2025-08-04,高位修复观察,一年高位区间,35%-50%,42.5,低,89.2,3583.31,96.4,-0.896,3.172,7.221,83.1,78.8,98.6,-0.505,0.908,1.082,1.097,,,,,,18.6,防守仓
2025-08-05,高位修复观察,一年高位区间,35%-50%,42.5,低,91.5,3617.6,100.0,0.0,3.434,7.371,86.1,79.7,100.0,0.0,0.959,1.148,1.165,,,,,,16.8,防守仓
2025-08-06,高位修复观察,一年高位区间,35%-50%,42.5,低,92.0,3633.99,100.0,0.0,4.035,7.678,87.0,81.2,100.0,0.0,1.037,1.243,1.262,,,,,,16.4,防守仓
2025-08-07,高位修复观察,一年高位区间,35%-50%,42.5,低,91.7,3639.67,100.0,0.0,3.704,6.925,87.1,79.7,100.0,0.0,1.084,1.302,1.324,,,,,,16.6,防守仓
2025-08-08,高位修复观察,一年高位区间,35%-50%,42.5,低,90.9,3635.13,99.5,-0.125,3.56,7.522,86.2,78.8,99.0,-0.35,1.006,1.212,1.236,,,,,,17.3,防守仓
2025-08-11,高位修复观察,一年高位区间,35%-50%,42.5,低,92.8,3647.55,100.0,0.0,3.634,8.318,87.8,83.3,100.0,0.0,1.075,1.287,1.316,,,,,,15.8,防守仓
2025-08-12,高位修复观察,一年高位区间,35%-50%,42.5,低,94.0,3665.92,100.0,0.0,4.591,8.859,89.8,86.2,100.0,0.0,1.095,1.314,1.351,,,,,,14.8,极低仓/空仓候选
2025-08-13,高位修复观察,一年高位区间,35%-50%,42.5,低,96.9,3683.46,100.0,0.0,5.128,8.963,92.8,94.7,100.0,0.0,1.242,1.488,1.54,,,,,,0.0,极低仓/空仓候选
2025-08-14,高位修复观察,一年高位区间,35%-50%,42.5,低,94.9,3666.44,98.3,-0.462,4.254,8.232,92.5,92.1,96.7,-1.243,1.29,1.559,1.626,,,,,,2.1,极低仓/空仓候选
2025-08-15,高位修复观察,一年高位区间,35%-50%,42.5,低,98.4,3696.77,100.0,0.0,4.592,9.366,95.1,98.4,100.0,0.0,1.244,1.516,1.594,,,,,,0.0,极低仓/空仓候选
2025-08-18,高位修复观察,一年高位区间,35%-50%,42.5,低,99.6,3728.03,100.0,0.0,4.726,11.339,98.5,100.0,100.0,0.0,1.504,1.844,1.955,,,,,,0.0,极低仓/空仓候选
2025-08-19,高位修复观察,一年高位区间,35%-50%,42.5,低,99.1,3727.29,99.9,-0.02,4.06,11.367,97.0,99.6,100.0,0.0,1.369,1.696,1.82,,,,,,0.0,极低仓/空仓候选
2025-08-20,高位修复观察,一年高位区间,35%-50%,42.5,低,100.0,3766.21,100.0,0.0,5.134,12.737,100.0,100.0,100.0,0.0,1.25,1.551,1.683,,,,,,0.0,极低仓/空仓候选
2025-08-21,高位修复观察,一年高位区间,35%-50%,42.5,低,99.3,3771.1,100.0,0.0,4.586,12.91,100.0,98.9,98.2,-0.713,1.241,1.538,1.686,,,,,,0.0,极低仓/空仓候选
2025-08-22,高位修复观察,一年高位区间,35%-50%,42.5,低,100.0,3825.76,100.0,0.0,6.459,13.745,100.0,100.0,100.0,0.0,1.285,1.592,1.762,,,,,,0.0,极低仓/空仓候选
2025-08-25,高位修复观察,一年高位区间,35%-50%,42.5,低,100.0,3883.56,100.0,0.0,7.938,16.014,100.0,100.0,100.0,0.0,1.555,1.936,2.161,,,,,,0.0,极低仓/空仓候选
2025-08-26,高位修复观察,一年高位区间,35%-50%,42.5,低,98.9,3868.38,98.7,-0.391,7.166,15.063,98.7,98.3,100.0,-0.017,1.282,1.618,1.83,,,,,,0.0,极低仓/空仓候选
2025-08-27,高位修复观察,一年高位区间,35%-50%,42.5,低,94.7,3800.35,92.9,-2.143,5.106,12.563,93.7,96.8,95.4,-1.889,1.483,1.883,2.149,,,,,,2.2,极低仓/空仓候选
2025-08-28,高位修复观察,一年高位区间,35%-50%,42.5,低,98.8,3843.6,96.6,-1.029,7.567,13.578,99.6,100.0,99.0,-0.409,1.35,1.733,2.003,,,,,,0.0,极低仓/空仓候选
2025-08-29,高位修复观察,一年高位区间,35%-50%,42.5,低,99.1,3857.93,97.8,-0.66,8.37,13.959,100.0,100.0,98.7,-0.522,1.243,1.606,1.875,,,,,,0.0,极低仓/空仓候选
2025-09-01,高位修复观察,一年高位区间,35%-50%,42.5,低,99.8,3875.53,99.3,-0.207,8.155,13.994,100.0,100.0,100.0,0.0,1.19,1.554,1.831,,,,,,0.0,极低仓/空仓候选
2025-09-02,高位修复观察,一年高位区间,35%-50%,42.5,低,95.9,3858.13,97.8,-0.655,6.649,13.983,97.6,94.1,94.0,-2.497,1.211,1.602,1.904,,,,,,0.0,极低仓/空仓候选
2025-09-03,高位修复观察,一年高位区间,35%-50%,42.5,低,94.0,3813.56,94.1,-1.802,4.941,12.087,95.3,96.0,90.5,-3.923,0.97,1.3,1.556,,,,,,2.8,极低仓/空仓候选
2025-09-04,高位修复观察,一年高位区间,35%-50%,42.5,低,87.8,3765.88,90.0,-3.03,3.468,10.675,88.4,87.4,85.2,-6.132,1.03,1.385,1.666,,,,,,19.8,防守仓
2025-09-05,高位修复观察,一年高位区间,35%-50%,42.5,低,95.3,3812.51,94.0,-1.83,4.88,12.896,95.4,100.0,91.8,-3.406,0.92,1.24,1.501,,,,,,1.8,极低仓/空仓候选
2025-09-08,高位修复观察,一年高位区间,35%-50%,42.5,低,95.8,3826.84,95.2,-1.461,4.915,12.928,95.9,98.3,93.9,-2.535,0.954,1.292,1.568,,,,,,1.4,极低仓/空仓候选
2025-09-09,高位修复观察,一年高位区间,35%-50%,42.5,低,93.0,3807.29,93.5,-1.964,3.856,12.396,93.6,93.7,91.1,-3.668,0.826,1.119,1.367,,,,,,15.6,防守仓
2025-09-10,高位修复观察,一年高位区间,35%-50%,42.5,低,94.0,3812.22,94.0,-1.837,3.496,12.494,94.3,96.2,91.3,-3.613,0.768,1.037,1.271,,,,,,14.8,极低仓/空仓候选
2025-09-11,高位修复观察,一年高位区间,35%-50%,42.5,低,99.0,3875.31,99.3,-0.212,5.697,15.264,100.0,100.0,96.7,-1.35,0.949,1.269,1.561,,,,,,0.0,极低仓/空仓候选
2025-09-12,高位修复观察,一年高位区间,35%-50%,42.5,低,98.1,3870.6,98.9,-0.334,4.702,15.2,98.1,97.8,97.5,-1.043,0.979,1.299,1.608,,,,,,0.0,极低仓/空仓候选
2025-09-15,高位修复观察,一年高位区间,35%-50%,42.5,低,98.5,3860.5,98.0,-0.594,3.553,14.163,98.9,100.0,97.2,-1.141,0.879,1.159,1.446,,,,,,11.2,极低仓/空仓候选
2025-09-16,高位修复观察,一年高位区间,35%-50%,42.5,低,99.0,3861.87,98.2,-0.559,3.611,12.901,98.2,100.0,99.4,-0.234,0.913,1.18,1.48,,,,,,0.0,极低仓/空仓候选
2025-09-17,高位修复观察,一年高位区间,35%-50%,42.5,低,99.8,3876.34,99.4,-0.186,2.924,12.164,100.0,100.0,100.0,0.0,0.931,1.189,1.495,,,,,,0.0,极低仓/空仓候选
2025-09-18,高位修复观察,一年高位区间,35%-50%,42.5,低,96.5,3831.66,95.6,-1.336,1.606,11.113,96.2,96.8,97.5,-1.038,1.229,1.558,1.964,,,,,,0.8,极低仓/空仓候选
2025-09-19,高位修复观察,一年高位区间,35%-50%,42.5,低,96.0,3820.09,94.6,-1.634,-0.148,11.561,96.5,96.5,96.3,-1.544,0.898,1.14,1.446,,,,,,13.2,极低仓/空仓候选
2025-09-22,高位修复观察,一年高位区间,35%-50%,42.5,低,97.2,3828.58,95.3,-1.416,-1.416,11.153,98.0,97.6,97.9,-0.865,0.824,1.034,1.314,,,,,,12.2,极低仓/空仓候选
2025-09-23,高位修复观察,一年高位区间,35%-50%,42.5,低,96.5,3821.83,94.8,-1.59,-1.203,10.529,97.8,98.0,95.3,-1.942,0.988,1.21,1.539,,,,,,0.8,极低仓/空仓候选
2025-09-24,高位修复观察,一年高位区间,35%-50%,42.5,低,99.2,3853.64,97.5,-0.77,1.402,11.545,100.0,100.0,99.3,-0.273,0.925,1.119,1.429,,,,,,10.6,极低仓/空仓候选
2025-09-25,高位修复观察,一年高位区间,35%-50%,42.5,低,99.0,3853.3,97.4,-0.779,0.252,11.33,100.0,100.0,98.5,-0.639,0.958,1.132,1.449,,,,,,10.8,极低仓/空仓候选
2025-09-26,高位修复观察,一年高位区间,35%-50%,42.5,低,95.5,3828.11,95.2,-1.428,-0.773,10.246,96.9,95.1,94.9,-2.081,0.878,1.016,1.307,,,,,,13.6,极低仓/空仓候选
2025-09-29,高位修复观察,一年高位区间,35%-50%,42.5,低,99.1,3862.53,98.2,-0.542,-0.335,11.212,100.0,100.0,98.2,-0.754,0.896,1.017,1.31,,,,,,10.7,极低仓/空仓候选
2025-09-30,高位修复观察,一年高位区间,35%-50%,42.5,低,100.0,3882.78,99.9,-0.02,0.639,11.017,100.0,100.0,100.0,0.0,0.916,1.019,1.317,,,,,,10.0,极低仓/空仓候选
2025-10-09,高位修复观察,一年高位区间,35%-50%,42.5,低,100.0,3933.97,100.0,0.0,3.157,12.623,100.0,100.0,100.0,0.0,1.13,1.233,1.596,,,,,,0.0,极低仓/空仓候选
2025-10-10,高位修复观察,一年高位区间,35%-50%,42.5,低,94.0,3897.03,96.4,-0.939,3.483,11.037,92.9,90.8,96.1,-1.494,1.065,1.158,1.506,,,,,,2.8,极低仓/空仓候选
2025-10-13,高位修复观察,一年高位区间,35%-50%,42.5,低,92.2,3889.5,95.2,-1.13,2.019,10.806,90.1,88.2,95.4,-1.677,0.998,1.076,1.404,,,,,,16.2,防守仓
2025-10-14,高位修复观察,一年高位区间,35%-50%,42.5,低,86.2,3865.23,91.9,-1.747,1.003,9.819,84.8,79.0,89.1,-3.594,1.09,1.171,1.532,,,,,,21.0,防守仓
2025-10-15,高位修复观察,一年高位区间,35%-50%,42.5,低,91.2,3912.21,97.4,-0.553,2.756,11.618,90.8,83.8,92.6,-2.152,0.874,0.935,1.228,,,,,,17.0,防守仓
2025-10-16,高位修复观察,一年高位区间,35%-50%,42.5,低,90.8,3916.23,97.9,-0.451,2.728,11.772,91.9,84.6,89.0,-3.219,0.815,0.868,1.143,,,,,,17.4,防守仓
2025-10-17,高位修复观察,一年高位区间,35%-50%,42.5,低,82.0,3839.76,88.7,-2.395,-0.917,9.182,82.6,77.6,79.3,-6.048,0.819,0.868,1.149,,,,,,24.4,防守仓
2025-10-20,高位修复观察,一年高位区间,35%-50%,42.5,低,84.9,3863.89,91.6,-1.781,-0.173,9.32,84.7,81.6,81.7,-5.346,0.742,0.776,1.033,,,,,,22.1,防守仓
2025-10-21,高位修复观察,一年高位区间,35%-50%,42.5,低,90.8,3916.33,97.9,-0.448,1.446,10.016,90.9,87.8,86.4,-3.975,0.814,0.835,1.118,,,,,,17.4,防守仓
2025-10-22,高位修复观察,一年高位区间,35%-50%,42.5,低,89.4,3913.76,97.6,-0.514,1.344,9.266,89.6,86.1,84.4,-4.391,0.731,0.743,0.995,,,,,,18.5,防守仓
2025-10-23,高位修复观察,一年高位区间,35%-50%,42.5,低,90.0,3922.41,98.6,-0.294,1.188,9.494,90.8,86.3,84.2,-4.445,0.731,0.733,0.981,,,,,,18.0,防守仓
2025-10-24,高位修复观察,一年高位区间,35%-50%,42.5,低,94.7,3950.31,100.0,0.0,3.097,9.556,95.6,93.8,89.4,-2.992,0.893,0.882,1.178,,,,,,14.2,极低仓/空仓候选
2025-10-27,高位修复观察,一年高位区间,35%-50%,42.5,低,97.8,3996.94,100.0,0.0,4.629,11.222,100.0,98.1,92.9,-1.996,1.087,1.044,1.395,,,,,,11.8,极低仓/空仓候选
2025-10-28,高位修复观察,一年高位区间,35%-50%,42.5,低,96.7,3988.22,99.0,-0.218,4.17,10.847,97.9,97.8,92.2,-2.207,0.997,0.955,1.278,,,,,,12.6,极低仓/空仓候选
2025-10-29,高位修复观察,一年高位区间,35%-50%,42.5,低,99.1,4016.33,100.0,0.0,5.089,11.265,100.0,100.0,96.3,-1.032,1.047,1.0,1.34,,,,,,0.7,极低仓/空仓候选
2025-10-30,高位修复观察,一年高位区间,35%-50%,42.5,低,95.5,3986.9,96.8,-0.733,3.458,10.266,96.7,96.0,92.4,-2.131,1.13,1.069,1.438,,,,,,13.6,极低仓/空仓候选
2025-10-31,高位修复观察,一年高位区间,35%-50%,42.5,低,92.1,3954.79,93.3,-1.532,2.634,10.679,90.7,91.0,93.4,-1.849,1.079,1.019,1.375,,,,,,16.3,防守仓
2025-11-03,高位修复观察,一年高位区间,35%-50%,42.5,低,93.5,3976.52,95.7,-0.991,3.877,11.702,91.8,91.6,94.9,-1.437,0.982,0.924,1.249,,,,,,15.2,防守仓
2025-11-04,高位修复观察,一年高位区间,35%-50%,42.5,低,90.1,3960.19,93.9,-1.398,2.528,10.518,88.9,87.5,90.1,-2.776,0.894,0.837,1.135,,,,,,17.9,防守仓
2025-11-05,高位修复观察,一年高位区间,35%-50%,42.5,低,91.4,3969.25,94.9,-1.172,2.227,9.721,89.6,89.6,91.5,-2.395,0.878,0.816,1.108,,,,,,16.9,防守仓
2025-11-06,高位修复观察,一年高位区间,35%-50%,42.5,低,95.8,4007.76,99.1,-0.213,1.876,10.285,95.3,93.4,95.5,-1.258,0.971,0.893,1.216,,,,,,13.4,极低仓/空仓候选
2025-11-07,高位修复观察,一年高位区间,35%-50%,42.5,低,94.8,3997.56,98.0,-0.467,2.58,9.833,94.0,92.3,95.1,-1.388,0.958,0.867,1.183,,,,,,14.2,极低仓/空仓候选
2025-11-10,高位修复观察,一年高位区间,35%-50%,42.5,低,95.5,4018.6,100.0,0.0,3.319,10.549,95.4,90.4,96.1,-1.109,1.055,0.942,1.287,,,,,,13.6,极低仓/空仓候选
2025-11-11,高位修复观察,一年高位区间,35%-50%,42.5,低,93.1,4002.76,98.3,-0.394,3.558,9.738,91.7,87.5,95.0,-1.402,0.972,0.861,1.179,,,,,,15.5,防守仓
2025-11-12,高位修复观察,一年高位区间,35%-50%,42.5,低,92.1,4000.14,98.0,-0.459,2.248,9.117,91.2,86.7,92.5,-2.114,0.962,0.839,1.151,,,,,,16.3,防守仓
2025-11-13,高位修复观察,一年高位区间,35%-50%,42.5,低,96.3,4029.5,100.0,0.0,2.892,9.394,96.0,91.9,97.3,-0.751,1.013,0.88,1.209,,,,,,13.0,极低仓/空仓候选
2025-11-14,高位修复观察,一年高位区间,35%-50%,42.5,低,91.2,3990.49,95.8,-0.968,3.926,8.838,89.7,86.0,93.2,-1.9,0.969,0.845,1.158,,,,,,17.0,防守仓
2025-11-17,高位修复观察,一年高位区间,35%-50%,42.5,低,90.2,3972.03,93.8,-1.426,2.799,7.446,87.1,85.6,94.2,-1.634,0.945,0.826,1.131,,,,,,17.8,防守仓
2025-11-18,高位修复观察,一年高位区间,35%-50%,42.5,低,87.2,3939.81,90.4,-2.226,0.6,5.681,84.5,83.2,90.7,-2.614,0.948,0.835,1.142,,,,,,20.2,防守仓
2025-11-19,高位修复观察,一年高位区间,35%-50%,42.5,低,87.2,3946.74,91.1,-2.054,0.843,5.888,86.2,83.7,87.9,-3.411,0.849,0.752,1.025,,,,,,20.2,防守仓
2025-11-20,高位修复观察,一年高位区间,35%-50%,42.5,低,85.2,3931.05,89.4,-2.443,0.22,4.377,84.2,81.4,85.7,-4.022,0.839,0.749,1.016,,,,,,21.8,防守仓
2025-11-21,震荡中继,一年高位回落区,40%-55%,47.5,低,75.0,3834.89,79.1,-4.83,-2.922,1.692,74.6,73.4,73.0,-7.588,0.964,0.867,1.172,,,,,,30.0,防守仓
2025-11-24,震荡中继,一年高位回落区,40%-55%,47.5,低,76.1,3836.77,79.3,-4.783,-4.007,0.288,74.1,73.9,77.2,-6.428,0.847,0.765,1.031,,,,,,29.1,防守仓
2025-11-25,震荡中继,一年高位回落区,40%-55%,47.5,低,79.9,3870.02,82.9,-3.958,-2.964,-0.349,77.8,77.4,81.5,-5.205,0.902,0.807,1.083,,,,,,26.1,防守仓
2025-11-26,震荡中继,一年高位回落区,40%-55%,47.5,低,81.3,3864.18,82.3,-4.103,-3.788,-0.109,80.1,81.6,81.4,-5.225,0.895,0.802,1.065,,,,,,25.0,防守仓
2025-11-27,震荡中继,一年高位回落区,40%-55%,47.5,低,81.5,3875.26,83.5,-3.828,-2.8,1.971,79.9,80.7,81.8,-5.107,0.869,0.774,1.022,,,,,,24.8,防守仓
2025-11-28,高位修复观察,一年高位区间,35%-50%,42.5,低,83.3,3888.6,84.9,-3.497,-1.674,1.171,80.9,82.1,85.4,-4.104,0.821,0.726,0.948,,,,,,23.4,防守仓
2025-12-01,高位修复观察,一年高位区间,35%-50%,42.5,低,86.3,3914.01,87.6,-2.866,-1.572,1.454,85.2,84.7,87.9,-3.417,0.988,0.867,1.12,,,,,,21.0,防守仓
2025-12-02,高位修复观察,一年高位区间,35%-50%,42.5,低,84.2,3897.71,85.9,-3.271,-1.578,0.572,83.3,83.3,84.4,-4.379,0.846,0.742,0.952,,,,,,22.6,防守仓
2025-12-03,震荡中继,一年高位回落区,40%-55%,47.5,低,81.9,3878.0,83.8,-3.76,-2.299,0.515,81.3,81.1,81.4,-5.227,0.894,0.785,0.997,,,,,,24.5,防守仓
2025-12-04,高位修复观察,一年高位区间,35%-50%,42.5,低,82.7,3875.79,83.5,-3.815,-3.293,1.632,82.6,83.1,81.4,-5.222,0.834,0.735,0.925,,,,,,23.8,防守仓
2025-12-05,高位修复观察,一年高位区间,35%-50%,42.5,低,86.0,3902.81,86.4,-3.144,-2.37,3.636,85.9,85.8,85.8,-3.995,0.942,0.824,1.031,,,,,,21.2,防守仓
2025-12-08,高位修复观察,一年高位区间,35%-50%,42.5,低,89.6,3924.08,88.7,-2.616,-2.352,2.926,89.1,91.2,89.5,-2.942,1.12,0.979,1.215,,,,,,18.3,防守仓
2025-12-09,高位修复观察,一年高位区间,35%-50%,42.5,低,88.5,3909.52,87.1,-2.978,-2.329,2.161,87.1,92.4,87.6,-3.497,1.051,0.917,1.134,,,,,,19.2,防守仓
2025-12-10,高位修复观察,一年高位区间,35%-50%,42.5,低,88.5,3900.5,86.2,-3.201,-2.491,2.448,86.5,92.4,88.9,-3.136,0.984,0.861,1.059,,,,,,19.2,防守仓
2025-12-11,高位修复观察,一年高位区间,35%-50%,42.5,低,85.0,3873.32,83.3,-3.876,-3.876,1.603,83.1,89.4,84.4,-4.394,1.032,0.901,1.105,,,,,,22.0,防守仓
2025-12-12,高位修复观察,一年高位区间,35%-50%,42.5,低,87.3,3889.35,85.0,-3.478,-2.535,0.362,85.6,91.4,87.1,-3.623,1.169,1.016,1.245,,,,,,20.2,防守仓
2025-12-15,震荡中继,一年高位区间,40%-55%,47.5,低,84.4,3867.92,82.7,-4.01,-2.621,-0.069,83.1,87.7,84.2,-4.432,0.987,0.864,1.054,,,,,,22.5,防守仓
2025-12-16,震荡中继,一年高位回落区,40%-55%,47.5,低,79.5,3824.81,78.1,-5.08,-2.919,-0.924,78.4,83.4,78.3,-6.099,0.963,0.845,1.025,,,,,,26.5,防守仓
2025-12-17,高位修复观察,一年高位区间,35%-50%,42.5,低,85.5,3870.28,82.9,-3.951,-1.937,0.218,85.5,90.2,83.3,-4.698,1.018,0.891,1.076,,,,,,21.6,防守仓
2025-12-18,高位修复观察,一年高位区间,35%-50%,42.5,低,83.8,3876.37,83.6,-3.8,-1.391,0.001,83.2,85.7,82.5,-4.912,0.928,0.818,0.983,,,,,,23.0,防守仓
2025-12-19,高位修复观察,一年高位区间,35%-50%,42.5,低,85.4,3890.45,85.1,-3.451,1.449,1.534,84.5,86.7,85.2,-4.161,0.969,0.858,1.025,,,,,,21.7,防守仓
2025-12-22,高位修复观察,一年高位区间,35%-50%,42.5,低,89.1,3917.36,88.0,-2.783,2.1,2.546,88.2,91.3,88.9,-3.134,1.052,0.937,1.107,,,,,,18.7,防守仓
2025-12-23,高位修复观察,一年高位区间,35%-50%,42.5,低,89.4,3919.98,88.3,-2.718,1.291,2.387,89.0,92.1,88.1,-3.342,1.07,0.96,1.13,,,,,,18.5,防守仓
2025-12-24,高位修复观察,一年高位区间,35%-50%,42.5,低,92.0,3940.95,90.5,-2.198,1.987,3.117,90.2,93.8,93.4,-1.852,1.056,0.952,1.118,,,,,,16.4,防守仓
2025-12-25,高位修复观察,一年高位区间,35%-50%,42.5,低,93.7,3959.62,92.5,-1.734,2.177,2.75,90.9,94.4,96.8,-0.898,1.078,0.979,1.145,,,,,,15.0,极低仓/空仓候选
2025-12-26,高位修复观察,一年高位区间,35%-50%,42.5,低,94.5,3963.68,92.9,-1.633,1.931,2.865,92.2,94.7,98.0,-0.556,1.203,1.103,1.284,,,,,,14.4,极低仓/空仓候选
2025-12-29,高位修复观察,一年高位区间,35%-50%,42.5,低,93.6,3965.28,93.1,-1.594,1.31,3.583,90.6,93.3,97.5,-0.705,1.172,1.094,1.27,,,,,,15.1,防守仓
2025-12-30,高位修复观察,一年高位区间,35%-50%,42.5,低,94.2,3965.12,93.1,-1.598,1.729,2.656,91.7,94.6,97.6,-0.664,1.165,1.096,1.269,,,,,,14.6,极低仓/空仓候选
2025-12-31,高位修复观察,一年高位区间,35%-50%,42.5,低,93.2,3968.84,93.5,-1.505,2.342,2.216,89.8,92.0,97.5,-0.69,1.096,1.046,1.21,,,,,,15.4,防守仓
2026-01-05,高位修复观察,一年高位区间,35%-50%,42.5,低,98.7,4023.42,99.3,-0.151,3.809,2.274,97.4,98.0,100.0,0.0,1.351,1.304,1.504,,,,,,0.0,极低仓/空仓候选
2026-01-06,高位修复观察,一年高位区间,35%-50%,42.5,低,99.9,4083.67,100.0,0.0,4.634,4.789,100.0,99.7,100.0,0.0,1.451,1.439,1.654,,,,,,0.0,极低仓/空仓候选
2026-01-07,高位修复观察,一年高位区间,35%-50%,42.5,低,99.7,4085.77,100.0,0.0,4.12,5.046,98.8,100.0,100.0,0.0,1.436,1.459,1.676,,,,,,0.0,极低仓/空仓候选
2026-01-08,高位修复观察,一年高位区间,35%-50%,42.5,低,98.4,4082.98,99.7,-0.068,4.437,5.634,95.6,98.2,100.0,0.0,1.38,1.426,1.638,,,,,,0.0,极低仓/空仓候选
2026-01-09,高位修复观察,一年高位区间,35%-50%,42.5,低,99.3,4120.43,100.0,0.0,5.639,5.322,97.4,99.9,100.0,0.0,1.506,1.587,1.82,,,,,,0.0,极低仓/空仓候选
2026-01-12,高位修复观察,一年高位区间,35%-50%,42.5,低,100.0,4165.29,100.0,0.0,7.538,6.36,99.9,100.0,100.0,0.0,1.682,1.814,2.091,,,,,,0.0,极低仓/空仓候选
2026-01-13,高位修复观察,一年高位区间,35%-50%,42.5,低,96.3,4138.76,97.5,-0.637,6.413,7.787,97.5,95.8,94.6,-1.841,1.638,1.814,2.109,,,,,,0.0,极低仓/空仓候选
2026-01-14,高位修复观察,一年高位区间,35%-50%,42.5,低,96.5,4126.09,96.3,-0.941,6.675,6.786,95.9,97.5,96.5,-1.195,1.709,1.93,2.264,,,,,,0.0,极低仓/空仓候选
2026-01-15,高位修复观察,一年高位区间,35%-50%,42.5,低,96.6,4112.6,95.1,-1.265,7.524,5.012,96.7,98.7,95.9,-1.391,1.203,1.398,1.659,,,,,,0.0,极低仓/空仓候选
2026-01-16,高位修复观察,一年高位区间,35%-50%,42.5,低,95.8,4101.91,94.1,-1.522,5.985,4.807,95.1,98.3,95.7,-1.487,1.223,1.444,1.722,,,,,,0.0,极低仓/空仓候选
2026-01-19,高位修复观察,一年高位区间,35%-50%,42.5,低,96.0,4114.0,95.2,-1.231,6.13,4.884,95.3,96.8,96.8,-1.093,1.069,1.279,1.534,,,,,,0.0,极低仓/空仓候选
2026-01-20,高位修复观察,一年高位区间,35%-50%,42.5,低,94.0,4113.65,95.2,-1.24,5.737,4.135,94.0,93.0,93.9,-2.085,1.074,1.3,1.568,,,,,,2.8,极低仓/空仓候选
2026-01-21,高位修复观察,一年高位区间,35%-50%,42.5,低,95.0,4116.94,95.5,-1.161,5.095,3.002,94.4,94.1,96.2,-1.308,0.985,1.21,1.463,,,,,,0.0,极低仓/空仓候选
2026-01-22,高位修复观察,一年高位区间,35%-50%,42.5,低,96.2,4122.58,96.0,-1.025,5.168,3.369,94.4,96.2,98.3,-0.57,1.006,1.25,1.509,,,,,,0.0,极低仓/空仓候选
2026-01-23,高位修复观察,一年高位区间,35%-50%,42.5,低,96.9,4136.16,97.3,-0.699,4.953,2.984,92.7,97.5,100.0,0.0,1.136,1.426,1.724,,,,,,0.5,极低仓/空仓候选
2026-01-26,高位修复观察,一年高位区间,35%-50%,42.5,低,95.5,4132.61,96.9,-0.785,4.369,3.655,93.0,95.6,96.5,-1.243,1.17,1.492,1.806,,,,,,1.6,极低仓/空仓候选
2026-01-27,高位修复观察,一年高位区间,35%-50%,42.5,低,96.2,4139.9,97.6,-0.61,4.446,4.681,92.9,97.1,97.0,-1.046,1.018,1.322,1.603,,,,,,1.0,极低仓/空仓候选
2026-01-28,高位修复观察,一年高位区间,35%-50%,42.5,低,96.5,4151.24,98.7,-0.337,4.69,4.394,93.9,95.9,97.6,-0.838,1.03,1.348,1.636,,,,,,0.8,极低仓/空仓候选
2026-01-29,高位修复观察,一年高位区间,35%-50%,42.5,低,96.5,4157.98,99.3,-0.175,4.864,4.994,96.9,94.7,95.3,-1.635,1.106,1.459,1.775,,,,,,0.8,极低仓/空仓候选
2026-01-30,高位修复观察,一年高位区间,35%-50%,42.5,低,94.7,4117.95,95.6,-1.137,3.757,3.746,93.0,97.3,92.7,-2.549,0.953,1.268,1.551,,,,,,2.2,极低仓/空仓候选
2026-02-02,高位修复观察,一年高位区间,35%-50%,42.5,低,86.5,4015.75,86.0,-3.59,-0.191,0.199,84.6,92.1,83.3,-5.847,0.857,1.148,1.409,,,,,,20.8,防守仓
2026-02-03,高位修复观察,一年高位区间,35%-50%,42.5,低,91.8,4067.74,90.9,-2.342,-0.39,1.756,89.1,96.0,91.2,-3.089,0.843,1.125,1.383,,,,,,16.6,防守仓
2026-02-04,高位修复观察,一年高位区间,35%-50%,42.5,低,93.1,4102.2,94.1,-1.515,0.402,2.08,92.3,95.1,91.1,-3.112,0.826,1.093,1.344,,,,,,15.5,防守仓
2026-02-05,高位修复观察,一年高位区间,35%-50%,42.5,低,90.0,4075.92,91.6,-2.146,-0.173,1.828,90.0,91.9,86.5,-4.754,0.729,0.956,1.176,,,,,,18.0,防守仓
2026-02-06,高位修复观察,一年高位区间,35%-50%,42.5,低,88.7,4065.58,90.7,-2.394,-1.331,1.636,87.8,90.4,85.9,-4.948,0.726,0.942,1.157,,,,,,19.0,防守仓
2026-02-09,高位修复观察,一年高位区间,35%-50%,42.5,低,94.7,4123.09,96.1,-1.013,-1.013,2.323,94.0,96.5,92.0,-2.797,0.774,0.986,1.211,,,,,,14.2,极低仓/空仓候选
2026-02-10,高位修复观察,一年高位区间,35%-50%,42.5,低,94.8,4128.37,96.5,-0.886,-0.251,3.455,94.5,95.7,92.6,-2.602,0.742,0.921,1.131,,,,,,14.2,极低仓/空仓候选
2026-02-11,高位修复观察,一年高位区间,35%-50%,42.5,低,94.0,4131.98,96.9,-0.8,0.143,4.027,93.6,93.4,92.2,-2.73,0.719,0.867,1.064,,,,,,14.8,极低仓/空仓候选
2026-02-12,高位修复观察,一年高位区间,35%-50%,42.5,低,95.5,4134.02,97.1,-0.751,0.521,4.929,94.1,96.2,94.8,-1.841,0.805,0.936,1.149,,,,,,13.6,极低仓/空仓候选
2026-02-13,高位修复观察,一年高位区间,35%-50%,42.5,低,91.3,4082.07,92.2,-1.998,-0.484,3.429,89.2,92.9,91.1,-3.139,0.756,0.865,1.062,,,,,,17.0,防守仓
2026-02-24,高位修复观察,一年高位区间,35%-50%,42.5,低,94.5,4117.41,95.5,-1.149,0.083,4.741,93.1,94.9,94.3,-2.018,0.856,0.959,1.179,,,,,,14.4,极低仓/空仓候选
2026-02-25,高位修复观察,一年高位区间,35%-50%,42.5,低,97.5,4147.23,98.3,-0.434,0.816,8.145,95.4,97.9,98.5,-0.524,0.967,1.068,1.317,,,,,,12.0,极低仓/空仓候选
2026-02-26,高位修复观察,一年高位区间,35%-50%,42.5,低,97.6,4146.63,98.3,-0.448,0.721,8.076,94.7,97.3,100.0,0.0,1.003,1.097,1.356,,,,,,11.9,极低仓/空仓候选
2026-02-27,高位修复观察,一年高位区间,35%-50%,42.5,低,97.0,4162.88,99.8,-0.058,0.978,7.567,93.3,95.1,100.0,0.0,0.984,1.069,1.327,,,,,,12.4,极低仓/空仓候选
2026-03-02,高位修复观察,一年高位区间,35%-50%,42.5,低,96.5,4182.59,100.0,0.0,1.123,8.24,94.8,94.0,97.3,-0.98,1.2,1.292,1.609,,,,,,0.8,极低仓/空仓候选
2026-03-03,高位修复观察,一年高位区间,35%-50%,42.5,低,89.6,4122.68,94.5,-1.432,-0.24,6.385,88.8,88.7,86.3,-4.887,1.245,1.327,1.662,,,,,,18.3,防守仓
2026-03-04,高位修复观察,一年高位区间,35%-50%,42.5,低,86.4,4082.47,90.8,-2.394,-1.387,4.986,84.3,85.8,84.8,-5.447,0.943,0.993,1.253,,,,,,20.9,防守仓
2026-03-05,高位修复观察,一年高位区间,35%-50%,42.5,低,89.5,4108.57,93.2,-1.77,-1.028,4.971,88.1,89.2,87.3,-4.552,0.963,0.998,1.264,,,,,,18.4,防守仓
2026-03-06,高位修复观察,一年高位区间,35%-50%,42.5,低,90.9,4124.19,94.6,-1.396,-0.813,5.811,89.2,89.9,89.8,-3.644,0.897,0.915,1.163,,,,,,17.3,防守仓
2026-03-09,高位修复观察,一年高位区间,35%-50%,42.5,低,88.6,4096.6,92.1,-2.056,-0.518,5.637,85.4,88.6,88.4,-4.17,1.102,1.097,1.399,,,,,,19.1,防守仓
2026-03-10,高位修复观察,一年高位区间,35%-50%,42.5,低,93.2,4123.14,94.5,-1.421,2.674,6.382,90.3,94.8,93.1,-2.462,1.002,0.987,1.265,,,,,,15.4,防守仓
2026-03-11,高位修复观察,一年高位区间,35%-50%,42.5,低,94.8,4133.43,95.5,-1.175,1.615,5.909,92.8,97.5,93.6,-2.305,1.053,1.026,1.322,,,,,,14.2,极低仓/空仓候选
2026-03-12,高位修复观察,一年高位区间,35%-50%,42.5,低,93.7,4129.1,95.1,-1.279,0.656,5.225,91.4,95.5,92.7,-2.627,1.026,0.994,1.286,,,,,,15.0,极低仓/空仓候选
2026-03-13,高位修复观察,一年高位区间,35%-50%,42.5,低,91.4,4095.45,92.0,-2.083,0.479,4.756,89.9,95.1,88.7,-4.048,1.009,0.974,1.263,,,,,,16.9,防守仓
2026-03-16,高位修复观察,一年高位区间,35%-50%,42.5,低,91.9,4084.79,91.0,-2.338,0.473,4.725,90.1,98.0,88.6,-4.082,0.973,0.94,1.221,,,,,,16.5,防守仓
2026-03-17,高位修复观察,一年高位区间,35%-50%,42.5,低,87.6,4049.91,87.8,-3.172,-1.775,4.559,87.2,93.2,82.3,-6.319,0.92,0.89,1.157,,,,,,19.9,防守仓
2026-03-18,高位修复观察,一年高位区间,35%-50%,42.5,低,90.0,4062.98,89.0,-2.86,-1.584,4.464,89.0,97.3,84.9,-5.423,0.854,0.823,1.071,,,,,,18.0,防守仓
2026-03-19,震荡中继,一年高位区间,40%-55%,47.5,低,85.0,4006.55,83.8,-4.209,-3.036,3.584,82.7,95.0,78.7,-7.612,0.882,0.849,1.105,,,,,,22.0,防守仓
2026-03-20,震荡中继,一年高位区间,40%-55%,47.5,低,83.2,3957.05,79.2,-5.392,-4.281,3.457,81.4,97.7,74.6,-9.081,0.953,0.918,1.196,,,,,趋势破位,23.9,防守仓
2026-03-23,震荡中继,一年高位回落区,40%-55%,47.5,低,71.9,3813.28,66.0,-8.83,-6.585,-1.473,69.0,90.3,62.4,-13.453,1.01,0.972,1.269,,,,,趋势破位,26.7,防守仓
2026-03-24,震荡中继,一年高位回落区,40%-55%,47.5,低,76.5,3881.28,72.3,-7.204,-5.735,0.127,73.7,91.3,68.7,-11.214,0.857,0.829,1.085,,,,,趋势破位,21.2,防守仓
2026-03-25,震荡中继,一年高位回落区,40%-55%,47.5,低,81.2,3931.84,76.9,-5.995,-5.194,1.064,78.9,95.5,73.6,-9.458,0.899,0.865,1.135,,,,,趋势破位,16.1,防守仓
2026-03-26,震荡中继,一年高位回落区,40%-55%,47.5,低,77.4,3889.08,73.0,-7.017,-6.211,-0.722,73.9,92.7,69.9,-10.764,0.806,0.769,1.011,,,,,趋势破位,20.3,防守仓
2026-03-27,震荡中继,一年高位回落区,40%-55%,47.5,低,79.7,3913.72,75.2,-6.428,-5.985,-0.16,76.0,94.2,73.4,-9.515,0.779,0.733,0.963,,,,,趋势破位,17.8,防守仓
2026-03-30,震荡中继,一年高位回落区,40%-55%,47.5,低,79.5,3923.29,76.1,-6.2,-6.2,-0.448,75.1,92.7,74.1,-9.262,0.816,0.758,0.995,,,,,趋势破位,17.7,防守仓
2026-03-31,震荡中继,一年高位回落区,40%-55%,47.5,低,75.3,3891.86,73.2,-6.951,-5.599,-1.711,71.6,87.1,69.3,-10.992,0.869,0.788,1.034,,,,,趋势破位,21.9,防守仓
2026-04-01,震荡中继,一年高位回落区,40%-55%,47.5,低,80.4,3948.55,78.4,-5.596,-3.28,-0.382,78.0,91.1,74.0,-9.306,0.9,0.796,1.044,,,,,趋势破位,26.3,防守仓
2026-04-02,震荡中继,一年高位回落区,40%-55%,47.5,低,76.4,3919.29,75.8,-6.295,-4.607,-1.16,74.0,86.4,69.4,-10.95,0.831,0.729,0.955,,,,,趋势破位,30.3,轻仓观察
2026-04-03,震荡中继,一年高位回落区,40%-55%,47.5,低,73.6,3880.1,72.1,-7.232,-5.918,-2.144,70.9,84.9,66.6,-11.964,0.756,0.657,0.857,,,,,趋势破位,23.6,防守仓
2026-04-07,震荡中继,一年高位回落区,40%-55%,47.5,低,74.6,3890.16,73.1,-6.992,-5.039,-1.982,70.9,85.6,68.8,-11.153,0.746,0.642,0.835,,,,,趋势破位,22.5,防守仓
2026-04-08,震荡中继,一年高位区间,40%-55%,47.5,低,86.0,3995.0,82.7,-4.485,-3.108,-0.706,83.8,97.4,80.3,-7.068,1.152,0.971,1.259,,,,,,21.2,防守仓
2026-04-09,震荡中继,一年高位区间,40%-55%,47.5,低,84.1,3966.17,80.1,-5.174,-4.047,-2.877,81.3,95.9,79.1,-7.469,1.009,0.852,1.1,,,,,,22.9,防守仓
2026-04-10,震荡中继,一年高位区间,40%-55%,47.5,低,87.7,3986.22,81.9,-4.695,-3.46,-2.437,87.2,100.0,81.6,-6.572,1.108,0.932,1.195,,,,,,19.8,防守仓
2026-04-13,震荡中继,一年高位区间,40%-55%,47.5,低,88.2,3988.56,82.1,-4.639,-2.61,-2.313,88.0,100.0,82.5,-6.253,1.029,0.866,1.104,,,,,,19.4,防守仓
2026-04-14,高位修复观察,一年高位区间,35%-50%,42.5,低,91.2,4026.63,85.6,-3.729,-1.424,-2.276,92.6,100.0,86.4,-4.86,1.148,0.964,1.221,,,,,,17.0,防守仓
2026-04-15,高位修复观察,一年高位区间,35%-50%,42.5,低,89.9,4027.21,85.7,-3.715,-0.561,-3.315,91.2,97.5,85.2,-5.311,1.161,0.981,1.234,,,,,,18.1,防守仓
2026-04-16,高位修复观察,一年高位区间,35%-50%,42.5,低,93.3,4055.55,88.3,-3.037,-0.183,-2.011,95.5,100.0,89.3,-3.83,1.12,0.959,1.193,,,,,,15.4,防守仓
2026-04-17,高位修复观察,一年高位区间,35%-50%,42.5,低,93.4,4051.43,87.4,-3.136,1.12,-1.809,94.6,100.0,91.6,-2.96,1.152,1.002,1.233,,,,,,15.3,防守仓
2026-04-20,高位修复观察,一年高位区间,35%-50%,42.5,低,95.0,4082.13,89.9,-2.402,3.161,-0.741,97.0,100.0,93.0,-2.372,1.216,1.077,1.309,,,,,,14.0,极低仓/空仓候选
2026-04-21,高位修复观察,一年高位区间,35%-50%,42.5,低,95.0,4085.08,89.8,-2.331,7.128,-0.41,97.9,100.0,92.4,-2.449,1.128,1.008,1.22,,,,,,4.0,极低仓/空仓候选
2026-04-22,高位修复观察,一年高位区间,35%-50%,42.5,低,97.2,4106.26,91.9,-1.825,5.797,-0.188,100.0,100.0,97.1,-0.93,1.199,1.076,1.295,,,,,,2.2,极低仓/空仓候选
2026-04-23,高位修复观察,一年高位区间,35%-50%,42.5,低,95.0,4093.25,90.3,-2.136,4.105,-0.496,98.7,98.2,92.7,-2.314,1.299,1.18,1.416,,,,,,14.0,极低仓/空仓候选
2026-04-24,高位修复观察,一年高位区间,35%-50%,42.5,低,93.0,4079.9,88.8,-2.455,4.907,-0.9,97.1,95.4,90.6,-2.999,1.207,1.112,1.33,,,,,,15.6,防守仓
2026-04-27,高位修复观察,一年高位区间,35%-50%,42.5,低,93.2,4086.34,89.4,-2.301,4.411,-0.879,97.2,94.4,91.9,-2.594,1.164,1.089,1.3,,,,,,15.4,防守仓
2026-04-28,高位修复观察,一年高位区间,35%-50%,42.5,低,91.0,4078.64,88.5,-2.485,3.96,-1.391,96.0,91.5,87.8,-3.903,1.122,1.068,1.269,,,,,,17.2,防守仓
2026-04-29,高位修复观察,一年高位区间,35%-50%,42.5,低,95.0,4107.51,91.7,-1.795,5.541,-0.607,100.0,96.4,92.0,-2.544,1.13,1.094,1.292,,,,,,4.0,极低仓/空仓候选
2026-04-30,高位修复观察,一年高位区间,35%-50%,42.5,低,95.3,4112.16,92.2,-1.684,4.144,-0.67,99.7,95.9,93.3,-2.09,1.18,1.164,1.363,,,,,,13.8,极低仓/空仓候选
2026-05-06,高位修复观察,一年高位区间,35%-50%,42.5,低,99.4,4160.17,97.5,-0.536,6.146,0.215,100.0,100.0,100.0,0.0,1.368,1.371,1.599,,,,,,0.0,极低仓/空仓候选
2026-05-07,高位修复观察,一年高位区间,35%-50%,42.5,低,99.9,4180.09,99.7,-0.06,7.732,0.532,100.0,100.0,100.0,0.0,1.295,1.334,1.551,,,,,,0.0,极低仓/空仓候选
2026-05-08,高位修复观察,一年高位区间,35%-50%,42.5,低,98.8,4179.95,99.7,-0.063,7.449,1.506,97.5,98.1,100.0,0.0,1.218,1.294,1.498,,,,,,0.0,极低仓/空仓候选
2026-05-11,高位修复观察,一年高位区间,35%-50%,42.5,低,100.0,4225.02,100.0,0.0,5.758,5.211,100.0,100.0,100.0,0.0,1.375,1.5,1.733,,,,,,0.0,极低仓/空仓候选
2026-05-12,高位修复观察,一年高位区间,35%-50%,42.5,低,99.3,4214.49,98.9,-0.249,6.261,3.608,99.7,100.0,98.5,-0.506,1.233,1.365,1.58,,,,,,0.0,极低仓/空仓候选
2026-05-13,高位修复观察,一年高位区间,35%-50%,42.5,低,100.0,4242.57,100.0,0.0,6.431,3.422,100.0,100.0,100.0,0.0,1.207,1.357,1.573,,,,,,0.0,极低仓/空仓候选
2026-05-14,高位修复观察,一年高位区间,35%-50%,42.5,低,94.1,4177.92,93.3,-1.524,4.748,2.503,93.2,95.8,94.1,-1.974,1.231,1.401,1.625,,,,,,2.7,极低仓/空仓候选
2026-05-15,高位退潮风险,一年高位区间,20%-35%,27.5,低,90.5,4135.39,88.4,-2.526,2.701,1.717,88.3,94.7,90.8,-3.046,1.198,1.382,1.609,0.3287,,,,上涨家数塌陷,0.0,极低仓/空仓候选
2026-05-18,高位修复观察,一年高位区间,35%-50%,42.5,低,89.9,4131.53,87.7,-2.617,2.59,0.205,85.9,94.0,92.1,-2.627,1.019,1.186,1.387,0.43,,,,,18.1,防守仓
2026-05-19,高位修复观察,一年高位区间,35%-50%,42.5,低,92.0,4169.54,91.9,-1.721,2.811,0.997,87.5,93.7,95.1,-1.639,1.008,1.178,1.379,0.6561,,,,,16.4,防守仓
2026-05-20,高位退潮风险,一年高位区间,20%-35%,27.5,低,91.9,4162.18,91.1,-1.895,2.734,0.731,87.3,94.3,95.1,-1.636,1.022,1.199,1.407,0.2959,,,,上涨家数塌陷,1.5,极低仓/空仓候选
2026-05-21,高位退潮风险,一年高位区间,20%-35%,27.5,低,84.5,4077.28,81.7,-3.896,-0.119,-1.373,81.5,89.8,85.0,-4.968,1.194,1.404,1.654,0.1285,,,,上涨家数塌陷,7.4,极低仓/空仓候选
2026-05-22,高位修复观察,一年高位区间,35%-50%,42.5,低,89.7,4112.9,85.6,-3.056,0.681,0.755,86.8,95.1,91.2,-2.934,0.98,1.161,1.373,,,,,,18.2,防守仓
2026-05-25,高位强修复,一年高位区间,35%-50%,42.5,中,94.3,4152.57,90.0,-2.121,1.128,0.854,93.4,99.2,94.7,-1.744,1.073,1.274,1.511,,103,15,0.2426,,2.6,极低仓/空仓候选
2026-05-26,高位分化修复,一年高位区间,30%-45%,37.5,中,94.0,4145.37,89.2,-2.291,1.273,-0.045,95.7,100.0,91.0,-2.995,1.075,1.28,1.524,,46,16,0.3429,,2.8,极低仓/空仓候选
2026-05-27,高位退潮风险,一年高位区间,20%-35%,27.5,中,90.5,4093.73,83.5,-3.508,0.339,-1.276,92.2,100.0,86.2,-4.566,1.065,1.272,1.516,,47,22,0.3188,,0.0,极低仓/空仓候选
2026-05-28,高位修复确认,一年高位区间,30%-45%,37.5,中,91.5,4098.64,84.1,-3.393,0.301,-1.543,92.8,100.0,89.3,-3.548,0.967,1.16,1.384,,102,8,0.1707,,16.8,防守仓
2026-05-29,高位退潮风险,一年高位区间,20%-35%,27.5,中,87.3,4068.57,80.7,-4.101,-0.247,-2.726,90.9,95.9,81.6,-6.105,1.074,1.293,1.542,,49,50,0.4368,,8.2,极低仓/空仓候选
2026-06-01,高位退潮风险,一年高位区间,20%-35%,27.5,中,84.4,4057.74,79.5,-4.357,-1.212,-1.575,86.7,91.9,79.5,-6.815,0.92,1.119,1.331,,120,21,0.2547,,10.5,极低仓/空仓候选
2026-06-02,高位修复确认,一年高位区间,30%-45%,37.5,中,88.0,4075.1,81.4,-3.947,-0.901,-0.181,92.8,96.8,80.8,-6.372,0.889,1.088,1.288,,67,16,0.2386,,19.6,防守仓
2026-06-03,高位退潮风险,一年高位区间,20%-35%,27.5,中,89.9,4083.97,82.4,-3.738,-1.832,-0.599,94.9,99.9,82.4,-5.837,0.995,1.216,1.44,,66,11,0.4359,,18.1,防守仓
2026-06-04,高位修复确认,一年高位区间,30%-45%,37.5,中,87.9,4057.78,79.5,-4.356,-2.926,-1.61,91.9,98.3,82.0,-5.978,0.878,1.066,1.263,,80,7,0.1919,,19.7,防守仓
2026-06-05,高位退潮风险,一年高位区间,20%-35%,27.5,中,83.0,4027.74,76.2,-5.064,-3.641,-1.681,84.4,92.2,79.3,-6.862,0.983,1.182,1.402,,73,11,0.416,,23.7,防守仓
2026-06-08,高位退潮风险,一年高位回落区,20%-35%,27.5,中,75.0,3959.34,68.6,-6.676,-6.288,-3.973,75.5,85.4,70.6,-9.762,0.894,1.073,1.271,0.1638,57,35,0.1493,上涨家数塌陷|跌停扩散|趋势破位,0.0,极低仓/空仓候选
2026-06-09,高位修复确认,一年高位回落区,30%-45%,37.5,中,82.0,4010.03,74.0,-5.481,-4.851,-2.985,83.0,92.3,78.5,-7.11,0.856,1.012,1.198,0.6185,130,9,0.1558,,24.9,防守仓
2026-06-10,高位退潮风险,一年高位回落区,20%-35%,27.5,中,78.0,3993.23,72.1,-5.877,-5.877,-3.291,78.4,87.3,74.4,-8.45,0.857,1.003,1.185,,71,25,0.2111,跌停扩散|趋势破位,6.6,极低仓/空仓候选
2026-06-11,高位退潮风险,一年高位回落区,20%-35%,27.5,中,76.3,3987.01,71.0,-6.024,-4.569,-2.648,76.1,85.2,73.1,-8.888,0.844,0.976,1.151,,69,32,0.303,跌停扩散|趋势破位,18.1,防守仓
2026-06-12,高位退潮风险,一年高位回落区,20%-35%,27.5,中,79.4,4031.51,76.1,-4.975,-2.512,-1.304,80.9,86.1,74.5,-8.404,1.078,1.228,1.447,0.711,89,15,0.4106,炸板偏高|趋势破位,26.5,防守仓
2026-06-15,高位修复确认,一年高位区间,20%-35%,27.5,中,88.8,4096.47,83.4,-3.444,-0.849,1.15,90.8,95.7,85.3,-4.849,1.018,1.152,1.359,0.7069,145,3,0.2287,,19.0,防守仓
2026-06-16,高位强修复,一年高位区间,35%-50%,42.5,中,90.4,4091.89,82.9,-3.552,-1.862,0.712,90.1,99.0,89.5,-3.451,1.027,1.158,1.369,0.4938,117,7,0.2452,,17.7,防守仓
2026-06-17,高位退潮风险,一年高位区间,20%-35%,27.5,中,92.6,4108.08,84.8,-3.17,-1.3,2.534,94.2,100.0,91.5,-2.803,1.033,1.161,1.377,0.3117,86,1,0.2456,上涨家数塌陷,0.9,极低仓/空仓候选
2026-06-18,高位分化修复,一年高位区间,30%-45%,37.5,中,92.9,4090.48,82.8,-3.585,0.324,3.372,95.1,100.0,93.8,-2.059,1.103,1.236,1.469,0.366,91,12,0.3158,宽度降温,3.7,极低仓/空仓候选
2026-06-22,高位强修复,一年高位区间,35%-50%,42.5,中,97.0,4163.1,91.0,-1.873,1.221,9.174,100.0,100.0,97.0,-1.002,1.249,1.386,1.653,0.5274,134,4,0.1625,,0.4,极低仓/空仓候选
2026-06-23,高位退潮风险,一年高位区间,20%-35%,27.5,中,89.2,4106.25,84.6,-3.213,-1.115,5.796,88.5,92.9,90.7,-3.075,1.134,1.266,1.515,0.5,96,39,0.3425,跌停扩散,6.6,极低仓/空仓候选
2026-06-24,高位退潮风险,一年高位区间,20%-35%,27.5,中,91.3,4110.81,85.1,-3.106,-0.834,4.552,90.4,95.4,94.5,-1.809,1.079,1.198,1.441,0.2594,98,12,0.1901,上涨家数塌陷,2.0,极低仓/空仓候选
2026-06-25,高位退潮风险,一年高位区间,20%-35%,27.5,中,94.6,4120.28,86.1,-2.882,0.649,5.945,96.7,100.0,95.6,-1.446,1.18,1.303,1.571,0.2226,86,17,0.265,上涨家数塌陷,0.0,极低仓/空仓候选
2026-06-26,高位退潮风险,一年高位区间,20%-35%,27.5,中,85.1,4027.26,75.6,-5.075,-1.742,2.901,84.3,92.5,88.0,-3.953,1.159,1.275,1.547,0.1429,60,30,0.3684,上涨家数塌陷|跌停扩散|炸板偏高,0.0,极低仓/空仓候选
2026-06-29,高位退潮风险,一年高位区间,20%-35%,27.5,中,87.8,4073.9,80.9,-3.976,0.131,3.839,89.1,93.4,87.9,-3.993,1.137,1.25,1.526,0.4466,107,38,0.2621,跌停扩散,7.8,极低仓/空仓候选
2026-06-30,高位修复观察,一年高位区间,35%-50%,42.5,低,92.6,4094.4,83.2,-3.492,0.903,5.204,93.4,98.8,95.1,-1.626,1.055,1.152,1.415,,,,,,15.9,防守仓
2026-07-01,高位修复观察,一年高位区间,35%-50%,42.5,低,92.4,4112.45,85.3,-3.067,0.917,4.151,91.7,95.3,97.3,-0.88,1.172,1.278,1.576,,,,,,4.1,极低仓/空仓候选
2026-07-02,震荡中继,一年高位区间,40%-55%,47.5,低,82.0,4028.9,75.2,-5.036,-1.348,2.797,79.4,84.9,88.5,-3.686,1.09,1.194,1.479,,,,,,24.4,防守仓
2026-07-03,高位修复确认,一年高位区间,20%-35%,27.5,中,82.4,4043.64,75.8,-4.689,-0.348,4.215,81.2,84.7,87.9,-3.737,1.0,1.091,1.359,0.6792,108,19,0.325,宽度降温,24.1,防守仓
